data_type,time_total,time_increment,time_iosix,sensor_data
obd,0.36,0.0,2021-12-06 09:05:17.360000,"{""status"": ""unknown pid"", ""pid"": ""34"", ""address"": ""2024"", ""bus_id"": ""255""}"
obd,0.46,0.0,2021-12-06 09:05:17.460000,"{""status"": ""unknown pid"", ""pid"": ""34"", ""address"": ""2024"", ""bus_id"": ""255""}"
obd,0.4868,0.0268,2021-12-06 09:05:17.486800,"{""fli"": 30.98}"
obd,0.56,0.0,2021-12-06 09:05:17.560000,"{""odometer_km"": 148416.392}"
obd,0.66,0.0,2021-12-06 09:05:17.660000,"{""veh_speed"": 0}"
obd,0.76,0.0,2021-12-06 09:05:17.760000,"{""aat"": 2}"
obd,0.7667,0.0067,2021-12-06 09:05:17.766700,"{""status"": ""unknown pid"", ""pid"": ""34"", ""address"": ""2024"", ""bus_id"": ""255""}"
obd,0.86,0.0,2021-12-06 09:05:17.860000,"{""e_load"": 30.588}"
obd,0.96,0.0,2021-12-06 09:05:17.960000,"{""c_temp"": 16}"
obd,0.9769,0.0169,2021-12-06 09:05:17.976900,"{""status"": ""unknown pid"", ""pid"": ""17"", ""address"": ""2024"", ""bus_id"": ""255""}"
obd,1.06,0.0,2021-12-06 09:05:18.060000,"{""rpm"": 675.0}"
obd,1.16,0.0,2021-12-06 09:05:18.160000,"{""status"": ""unknown address"", ""address"": ""1535"", ""bus_id"": ""255""}"
obd,1.26,0.0,2021-12-06 09:05:18.260000,"{""veh_speed"": 0}"
obd,1.2667,0.0067,2021-12-06 09:05:18.266700,"{""aat"": 2}"
obd,1.36,0.0,2021-12-06 09:05:18.360000,"{""status"": ""unknown pid"", ""pid"": ""34"", ""address"": ""2024"", ""bus_id"": ""255""}"
obd,1.46,0.0,2021-12-06 09:05:18.460000,"{""e_load"": 29.412}"
obd,1.4768,0.0168,2021-12-06 09:05:18.476800,"{""c_temp"": 16}"
obd,1.56,0.0,2021-12-06 09:05:18.560000,"{""status"": ""unknown pid"", ""pid"": ""17"", ""address"": ""2024"", ""bus_id"": ""255""}"
obd,1.66,0.0,2021-12-06 09:05:18.660000,"{""rpm"": 686.5}"
obd,2.1666,0.0066,2021-12-06 09:05:19.166600,"{""veh_speed"": 0}"
obd,2.26,0.0,2021-12-06 09:05:19.260000,"{""aat"": 2}"
obd,2.36,0.0,2021-12-06 09:05:19.360000,"{""status"": ""unknown pid"", ""pid"": ""34"", ""address"": ""2024"", ""bus_id"": ""255""}"
obd,2.3769,0.0169,2021-12-06 09:05:19.376900,"{""e_load"": 29.02}"
obd,2.46,0.0,2021-12-06 09:05:19.460000,"{""c_temp"": 16}"
obd,2.56,0.0,2021-12-06 09:05:19.560000,"{""status"": ""unknown pid"", ""pid"": ""17"", ""address"": ""2024"", ""bus_id"": ""255""}"
obd,2.5865,0.0265,2021-12-06 09:05:19.586500,"{""rpm"": 668.0}"
obd,3.1665,0.0065,2021-12-06 09:05:20.166500,"{""veh_speed"": 0}"
obd,3.26,0.0,2021-12-06 09:05:20.260000,"{""aat"": 2}"
obd,3.36,0.0,2021-12-06 09:05:20.360000,"{""status"": ""unknown pid"", ""pid"": ""34"", ""address"": ""2024"", ""bus_id"": ""255""}"
obd,3.3766,0.0166,2021-12-06 09:05:20.376600,"{""e_load"": 29.02}"
obd,3.46,0.0,2021-12-06 09:05:20.460000,"{""c_temp"": 16}"
obd,3.56,0.0,2021-12-06 09:05:20.560000,"{""status"": ""unknown pid"", ""pid"": ""17"", ""address"": ""2024"", ""bus_id"": ""255""}"
obd,3.5864,0.0264,2021-12-06 09:05:20.586400,"{""rpm"": 688.5}"
obd,4.1664,0.0064,2021-12-06 09:05:21.166400,"{""veh_speed"": 0}"
obd,4.26,0.0,2021-12-06 09:05:21.260000,"{""aat"": 2}"
obd,4.36,0.0,2021-12-06 09:05:21.360000,"{""status"": ""unknown pid"", ""pid"": ""34"", ""address"": ""2024"", ""bus_id"": ""255""}"
obd,4.3768,0.0168,2021-12-06 09:05:21.376800,"{""e_load"": 27.059}"
obd,4.46,0.0,2021-12-06 09:05:21.460000,"{""c_temp"": 16}"
obd,4.56,0.0,2021-12-06 09:05:21.560000,"{""status"": ""unknown pid"", ""pid"": ""17"", ""address"": ""2024"", ""bus_id"": ""255""}"
obd,4.5864,0.0264,2021-12-06 09:05:21.586400,"{""rpm"": 675.0}"
obd,5.1663,0.0063,2021-12-06 09:05:22.166300,"{""veh_speed"": 0}"
obd,5.26,0.0,2021-12-06 09:05:22.260000,"{""aat"": 2}"
obd,5.36,0.0,2021-12-06 09:05:22.360000,"{""status"": ""unknown pid"", ""pid"": ""34"", ""address"": ""2024"", ""bus_id"": ""255""}"
obd,5.3765,0.0165,2021-12-06 09:05:22.376500,"{""e_load"": 29.412}"
obd,5.46,0.0,2021-12-06 09:05:22.460000,"{""c_temp"": 16}"
obd,5.56,0.0,2021-12-06 09:05:22.560000,"{""status"": ""unknown pid"", ""pid"": ""17"", ""address"": ""2024"", ""bus_id"": ""255""}"
obd,5.5863,0.0263,2021-12-06 09:05:22.586300,"{""rpm"": 670.0}"
obd,6.1663,0.0063,2021-12-06 09:05:23.166300,"{""veh_speed"": 0}"
obd,6.26,0.0,2021-12-06 09:05:23.260000,"{""aat"": 2}"
obd,6.36,0.0,2021-12-06 09:05:23.360000,"{""status"": ""unknown pid"", ""pid"": ""34"", ""address"": ""2024"", ""bus_id"": ""255""}"
obd,6.3762,0.0162,2021-12-06 09:05:23.376200,"{""e_load"": 28.627}"
obd,6.46,0.0,2021-12-06 09:05:23.460000,"{""c_temp"": 16}"
obd,6.56,0.0,2021-12-06 09:05:23.560000,"{""status"": ""unknown pid"", ""pid"": ""17"", ""address"": ""2024"", ""bus_id"": ""255""}"
obd,6.5862,0.0262,2021-12-06 09:05:23.586200,"{""rpm"": 682.5}"
obd,7.1662,0.0062,2021-12-06 09:05:24.166200,"{""veh_speed"": 0}"
obd,7.26,0.0,2021-12-06 09:05:24.260000,"{""aat"": 2}"
obd,7.36,0.0,2021-12-06 09:05:24.360000,"{""status"": ""unknown pid"", ""pid"": ""34"", ""address"": ""2024"", ""bus_id"": ""255""}"
obd,7.3765,0.0165,2021-12-06 09:05:24.376500,"{""e_load"": 29.02}"
obd,7.46,0.0,2021-12-06 09:05:24.460000,"{""c_temp"": 16}"
obd,7.56,0.0,2021-12-06 09:05:24.560000,"{""status"": ""unknown pid"", ""pid"": ""17"", ""address"": ""2024"", ""bus_id"": ""255""}"
obd,7.5861,0.0261,2021-12-06 09:05:24.586100,"{""rpm"": 689.5}"
obd,8.166,0.006,2021-12-06 09:05:25.166000,"{""veh_speed"": 0}"
obd,8.26,0.0,2021-12-06 09:05:25.260000,"{""aat"": 2}"
obd,8.36,0.0,2021-12-06 09:05:25.360000,"{""status"": ""unknown pid"", ""pid"": ""34"", ""address"": ""2024"", ""bus_id"": ""255""}"
obd,8.376,0.016,2021-12-06 09:05:25.376000,"{""e_load"": 29.412}"
obd,8.46,0.0,2021-12-06 09:05:25.460000,"{""c_temp"": 16}"
obd,8.56,0.0,2021-12-06 09:05:25.560000,"{""status"": ""unknown pid"", ""pid"": ""17"", ""address"": ""2024"", ""bus_id"": ""255""}"
obd,8.5861,0.0261,2021-12-06 09:05:25.586100,"{""rpm"": 681.0}"
obd,9.1659,0.0059,2021-12-06 09:05:26.165900,"{""veh_speed"": 0}"
obd,9.26,0.0,2021-12-06 09:05:26.260000,"{""aat"": 2}"
obd,9.36,0.0,2021-12-06 09:05:26.360000,"{""status"": ""unknown pid"", ""pid"": ""34"", ""address"": ""2024"", ""bus_id"": ""255""}"
obd,9.3763,0.0163,2021-12-06 09:05:26.376300,"{""e_load"": 28.235}"
obd,9.46,0.0,2021-12-06 09:05:26.460000,"{""c_temp"": 16}"
obd,9.56,0.0,2021-12-06 09:05:26.560000,"{""status"": ""unknown pid"", ""pid"": ""17"", ""address"": ""2024"", ""bus_id"": ""255""}"
obd,9.6466,0.0,2021-12-06 09:05:26.646600,"{""rpm"": 675.5}"
obd,10.1659,0.0059,2021-12-06 09:05:27.165900,"{""veh_speed"": 0}"
obd,10.26,0.0,2021-12-06 09:05:27.260000,"{""aat"": 2}"
obd,10.36,0.0,2021-12-06 09:05:27.360000,"{""status"": ""unknown pid"", ""pid"": ""34"", ""address"": ""2024"", ""bus_id"": ""255""}"
obd,10.3759,0.0159,2021-12-06 09:05:27.375900,"{""e_load"": 27.843}"
obd,10.46,0.0,2021-12-06 09:05:27.460000,"{""c_temp"": 16}"
obd,10.56,0.0,2021-12-06 09:05:27.560000,"{""status"": ""unknown pid"", ""pid"": ""17"", ""address"": ""2024"", ""bus_id"": ""255""}"
obd,10.5858,0.0258,2021-12-06 09:05:27.585800,"{""rpm"": 683.0}"
obd,11.1657,0.0057,2021-12-06 09:05:28.165700,"{""veh_speed"": 0}"
obd,11.1757,0.01,2021-12-06 09:05:28.175700,"{""aat"": 2}"
obd,11.1857,0.01,2021-12-06 09:05:28.185700,"{""status"": ""unknown pid"", ""pid"": ""34"", ""address"": ""2024"", ""bus_id"": ""255""}"
obd,11.1957,0.01,2021-12-06 09:05:28.195700,"{""e_load"": 27.843}"
obd,11.2057,0.01,2021-12-06 09:05:28.205700,"{""c_temp"": 16}"
obd,11.2158,0.0101,2021-12-06 09:05:28.215800,"{""status"": ""unknown pid"", ""pid"": ""17"", ""address"": ""2024"", ""bus_id"": ""255""}"
obd,11.226,0.0102,2021-12-06 09:05:28.226000,"{""rpm"": 688.5}"
obd,12.1658,0.0058,2021-12-06 09:05:29.165800,"{""veh_speed"": 0}"
obd,12.1757,0.0099,2021-12-06 09:05:29.175700,"{""aat"": 2}"
obd,12.1858,0.0101,2021-12-06 09:05:29.185800,"{""status"": ""unknown pid"", ""pid"": ""34"", ""address"": ""2024"", ""bus_id"": ""255""}"
obd,12.1958,0.01,2021-12-06 09:05:29.195800,"{""e_load"": 27.059}"
obd,12.2058,0.01,2021-12-06 09:05:29.205800,"{""c_temp"": 16}"
obd,12.2157,0.0099,2021-12-06 09:05:29.215700,"{""status"": ""unknown pid"", ""pid"": ""17"", ""address"": ""2024"", ""bus_id"": ""255""}"
obd,12.226,0.0103,2021-12-06 09:05:29.226000,"{""rpm"": 679.5}"
obd,13.1656,0.0046,2021-12-06 09:05:30.165600,"{""veh_speed"": 0}"
obd,13.1757,0.0101,2021-12-06 09:05:30.175700,"{""aat"": 2}"
obd,13.1856,0.0099,2021-12-06 09:05:30.185600,"{""status"": ""unknown pid"", ""pid"": ""34"", ""address"": ""2024"", ""bus_id"": ""255""}"
obd,13.1957,0.0101,2021-12-06 09:05:30.195700,"{""e_load"": 29.02}"
obd,13.2056,0.0099,2021-12-06 09:05:30.205600,"{""c_temp"": 17}"
obd,13.2156,0.01,2021-12-06 09:05:30.215600,"{""status"": ""unknown pid"", ""pid"": ""17"", ""address"": ""2024"", ""bus_id"": ""255""}"
obd,13.2258,0.0102,2021-12-06 09:05:30.225800,"{""rpm"": 670.5}"
obd,14.1656,0.0056,2021-12-06 09:05:31.165600,"{""veh_speed"": 0}"
obd,14.1757,0.0101,2021-12-06 09:05:31.175700,"{""aat"": 2}"
obd,14.1856,0.0099,2021-12-06 09:05:31.185600,"{""status"": ""unknown pid"", ""pid"": ""34"", ""address"": ""2024"", ""bus_id"": ""255""}"
obd,14.1957,0.0101,2021-12-06 09:05:31.195700,"{""e_load"": 25.882}"
obd,14.2056,0.0099,2021-12-06 09:05:31.205600,"{""c_temp"": 17}"
obd,14.2156,0.01,2021-12-06 09:05:31.215600,"{""status"": ""unknown pid"", ""pid"": ""17"", ""address"": ""2024"", ""bus_id"": ""255""}"
obd,14.2257,0.0101,2021-12-06 09:05:31.225700,"{""rpm"": 700.5}"
obd,15.1655,0.0055,2021-12-06 09:05:32.165500,"{""veh_speed"": 0}"
obd,15.1756,0.0101,2021-12-06 09:05:32.175600,"{""aat"": 2}"
obd,15.1855,0.0099,2021-12-06 09:05:32.185500,"{""status"": ""unknown pid"", ""pid"": ""34"", ""address"": ""2024"", ""bus_id"": ""255""}"
obd,15.1955,0.01,2021-12-06 09:05:32.195500,"{""e_load"": 28.235}"
obd,15.2055,0.01,2021-12-06 09:05:32.205500,"{""c_temp"": 17}"
obd,15.2155,0.01,2021-12-06 09:05:32.215500,"{""status"": ""unknown pid"", ""pid"": ""17"", ""address"": ""2024"", ""bus_id"": ""255""}"
obd,15.2257,0.0102,2021-12-06 09:05:32.225700,"{""rpm"": 678.0}"
obd,16.1654,0.0054,2021-12-06 09:05:33.165400,"{""veh_speed"": 0}"
obd,16.1753,0.0099,2021-12-06 09:05:33.175300,"{""aat"": 2}"
obd,16.1853,0.01,2021-12-06 09:05:33.185300,"{""status"": ""unknown pid"", ""pid"": ""34"", ""address"": ""2024"", ""bus_id"": ""255""}"
obd,16.1954,0.0101,2021-12-06 09:05:33.195400,"{""e_load"": 28.627}"
obd,16.2054,0.01,2021-12-06 09:05:33.205400,"{""c_temp"": 17}"
obd,16.2155,0.0101,2021-12-06 09:05:33.215500,"{""status"": ""unknown pid"", ""pid"": ""17"", ""address"": ""2024"", ""bus_id"": ""255""}"
obd,16.2256,0.0101,2021-12-06 09:05:33.225600,"{""rpm"": 683.5}"
obd,17.1653,0.0053,2021-12-06 09:05:34.165300,"{""veh_speed"": 0}"
obd,17.1754,0.0101,2021-12-06 09:05:34.175400,"{""aat"": 2}"
obd,17.1854,0.01,2021-12-06 09:05:34.185400,"{""status"": ""unknown pid"", ""pid"": ""34"", ""address"": ""2024"", ""bus_id"": ""255""}"
obd,17.1954,0.01,2021-12-06 09:05:34.195400,"{""e_load"": 27.451}"
obd,17.2052,0.0098,2021-12-06 09:05:34.205200,"{""c_temp"": 17}"
obd,17.2154,0.0102,2021-12-06 09:05:34.215400,"{""status"": ""unknown pid"", ""pid"": ""17"", ""address"": ""2024"", ""bus_id"": ""255""}"
obd,17.2252,0.0098,2021-12-06 09:05:34.225200,"{""rpm"": 685.0}"
obd,18.1653,0.0053,2021-12-06 09:05:35.165300,"{""veh_speed"": 0}"
obd,18.1754,0.0101,2021-12-06 09:05:35.175400,"{""aat"": 2}"
obd,18.1853,0.0099,2021-12-06 09:05:35.185300,"{""status"": ""unknown pid"", ""pid"": ""34"", ""address"": ""2024"", ""bus_id"": ""255""}"
obd,18.1953,0.01,2021-12-06 09:05:35.195300,"{""e_load"": 27.059}"
obd,18.2052,0.0099,2021-12-06 09:05:35.205200,"{""c_temp"": 17}"
obd,18.2154,0.0102,2021-12-06 09:05:35.215400,"{""status"": ""unknown pid"", ""pid"": ""17"", ""address"": ""2024"", ""bus_id"": ""255""}"
obd,18.2253,0.0099,2021-12-06 09:05:35.225300,"{""rpm"": 685.5}"
obd,19.1651,0.0051,2021-12-06 09:05:36.165100,"{""veh_speed"": 0}"
obd,19.1753,0.0102,2021-12-06 09:05:36.175300,"{""aat"": 2}"
obd,19.1853,0.01,2021-12-06 09:05:36.185300,"{""status"": ""unknown pid"", ""pid"": ""34"", ""address"": ""2024"", ""bus_id"": ""255""}"
obd,19.1953,0.01,2021-12-06 09:05:36.195300,"{""e_load"": 28.627}"
obd,19.2051,0.0098,2021-12-06 09:05:36.205100,"{""c_temp"": 17}"
obd,19.2153,0.0102,2021-12-06 09:05:36.215300,"{""status"": ""unknown pid"", ""pid"": ""17"", ""address"": ""2024"", ""bus_id"": ""255""}"
obd,19.2253,0.01,2021-12-06 09:05:36.225300,"{""rpm"": 677.5}"
obd,20.1652,0.0052,2021-12-06 09:05:37.165200,"{""veh_speed"": 0}"
obd,20.175,0.0098,2021-12-06 09:05:37.175000,"{""aat"": 2}"
obd,20.185,0.01,2021-12-06 09:05:37.185000,"{""status"": ""unknown pid"", ""pid"": ""34"", ""address"": ""2024"", ""bus_id"": ""255""}"
obd,20.1952,0.0102,2021-12-06 09:05:37.195200,"{""e_load"": 26.667}"
obd,20.205,0.0098,2021-12-06 09:05:37.205000,"{""c_temp"": 17}"
obd,20.215,0.01,2021-12-06 09:05:37.215000,"{""status"": ""unknown pid"", ""pid"": ""17"", ""address"": ""2024"", ""bus_id"": ""255""}"
obd,20.2251,0.0101,2021-12-06 09:05:37.225100,"{""rpm"": 692.0}"
obd,21.1651,0.0051,2021-12-06 09:05:38.165100,"{""veh_speed"": 0}"
obd,21.1749,0.0098,2021-12-06 09:05:38.174900,"{""aat"": 2}"
obd,21.185,0.0101,2021-12-06 09:05:38.185000,"{""status"": ""unknown pid"", ""pid"": ""34"", ""address"": ""2024"", ""bus_id"": ""255""}"
obd,21.1951,0.0101,2021-12-06 09:05:38.195100,"{""e_load"": 30.196}"
obd,21.2049,0.0098,2021-12-06 09:05:38.204900,"{""c_temp"": 17}"
obd,21.2149,0.01,2021-12-06 09:05:38.214900,"{""status"": ""unknown pid"", ""pid"": ""17"", ""address"": ""2024"", ""bus_id"": ""255""}"
obd,21.225,0.0101,2021-12-06 09:05:38.225000,"{""rpm"": 665.0}"
obd,22.1649,0.0049,2021-12-06 09:05:39.164900,"{""veh_speed"": 0}"
obd,22.1749,0.01,2021-12-06 09:05:39.174900,"{""aat"": 2}"
obd,22.1849,0.01,2021-12-06 09:05:39.184900,"{""status"": ""unknown pid"", ""pid"": ""34"", ""address"": ""2024"", ""bus_id"": ""255""}"
obd,22.1948,0.0099,2021-12-06 09:05:39.194800,"{""e_load"": 28.627}"
obd,22.2049,0.0101,2021-12-06 09:05:39.204900,"{""c_temp"": 17}"
obd,22.2148,0.0099,2021-12-06 09:05:39.214800,"{""status"": ""unknown pid"", ""pid"": ""17"", ""address"": ""2024"", ""bus_id"": ""255""}"
obd,22.2251,0.0103,2021-12-06 09:05:39.225100,"{""rpm"": 674.0}"
obd,23.1648,0.0048,2021-12-06 09:05:40.164800,"{""veh_speed"": 0}"
obd,23.1748,0.01,2021-12-06 09:05:40.174800,"{""aat"": 2}"
obd,23.1848,0.01,2021-12-06 09:05:40.184800,"{""status"": ""unknown pid"", ""pid"": ""34"", ""address"": ""2024"", ""bus_id"": ""255""}"
obd,23.1947,0.0099,2021-12-06 09:05:40.194700,"{""e_load"": 26.275}"
obd,23.2048,0.0101,2021-12-06 09:05:40.204800,"{""c_temp"": 17}"
obd,23.2147,0.0099,2021-12-06 09:05:40.214700,"{""status"": ""unknown pid"", ""pid"": ""17"", ""address"": ""2024"", ""bus_id"": ""255""}"
obd,23.225,0.0103,2021-12-06 09:05:40.225000,"{""rpm"": 692.0}"
obd,24.1647,0.0047,2021-12-06 09:05:41.164700,"{""veh_speed"": 0}"
obd,24.1747,0.01,2021-12-06 09:05:41.174700,"{""aat"": 2}"
obd,24.1847,0.01,2021-12-06 09:05:41.184700,"{""status"": ""unknown pid"", ""pid"": ""34"", ""address"": ""2024"", ""bus_id"": ""255""}"
obd,24.1946,0.0099,2021-12-06 09:05:41.194600,"{""e_load"": 27.059}"
obd,24.2047,0.0101,2021-12-06 09:05:41.204700,"{""c_temp"": 17}"
obd,24.2146,0.0099,2021-12-06 09:05:41.214600,"{""status"": ""unknown pid"", ""pid"": ""17"", ""address"": ""2024"", ""bus_id"": ""255""}"
obd,24.2249,0.0103,2021-12-06 09:05:41.224900,"{""rpm"": 686.5}"
obd,25.1646,0.0046,2021-12-06 09:05:42.164600,"{""veh_speed"": 0}"
obd,25.1745,0.0099,2021-12-06 09:05:42.174500,"{""aat"": 2}"
obd,25.1846,0.0101,2021-12-06 09:05:42.184600,"{""status"": ""unknown pid"", ""pid"": ""34"", ""address"": ""2024"", ""bus_id"": ""255""}"
obd,25.1945,0.0099,2021-12-06 09:05:42.194500,"{""e_load"": 27.059}"
obd,25.205,0.0105,2021-12-06 09:05:42.205000,"{""c_temp"": 17}"
obd,25.2145,0.0095,2021-12-06 09:05:42.214500,"{""status"": ""unknown pid"", ""pid"": ""17"", ""address"": ""2024"", ""bus_id"": ""255""}"
obd,25.2246,0.0101,2021-12-06 09:05:42.224600,"{""rpm"": 686.5}"
obd,26.1646,0.0046,2021-12-06 09:05:43.164600,"{""veh_speed"": 0}"
obd,26.1745,0.0099,2021-12-06 09:05:43.174500,"{""aat"": 2}"
obd,26.1845,0.01,2021-12-06 09:05:43.184500,"{""status"": ""unknown pid"", ""pid"": ""34"", ""address"": ""2024"", ""bus_id"": ""255""}"
obd,26.1945,0.01,2021-12-06 09:05:43.194500,"{""e_load"": 27.843}"
obd,26.2046,0.0101,2021-12-06 09:05:43.204600,"{""c_temp"": 17}"
obd,26.2145,0.0099,2021-12-06 09:05:43.214500,"{""status"": ""unknown pid"", ""pid"": ""17"", ""address"": ""2024"", ""bus_id"": ""255""}"
obd,26.2246,0.0101,2021-12-06 09:05:43.224600,"{""rpm"": 678.5}"
obd,27.1644,0.0044,2021-12-06 09:05:44.164400,"{""veh_speed"": 0}"
obd,27.1744,0.01,2021-12-06 09:05:44.174400,"{""aat"": 2}"
obd,27.1843,0.0099,2021-12-06 09:05:44.184300,"{""status"": ""unknown pid"", ""pid"": ""34"", ""address"": ""2024"", ""bus_id"": ""255""}"
obd,27.1944,0.0101,2021-12-06 09:05:44.194400,"{""e_load"": 27.843}"
obd,27.2043,0.0099,2021-12-06 09:05:44.204300,"{""c_temp"": 17}"
obd,27.2143,0.01,2021-12-06 09:05:44.214300,"{""status"": ""unknown pid"", ""pid"": ""17"", ""address"": ""2024"", ""bus_id"": ""255""}"
obd,27.2244,0.0101,2021-12-06 09:05:44.224400,"{""rpm"": 685.0}"
obd,28.1643,0.0033,2021-12-06 09:05:45.164300,"{""status"": ""unknown pid"", ""pid"": ""34"", ""address"": ""2024"", ""bus_id"": ""255""}"
obd,28.26,0.0,2021-12-06 09:05:45.260000,"{""status"": ""unknown pid"", ""pid"": ""34"", ""address"": ""2024"", ""bus_id"": ""255""}"
obd,28.36,0.0,2021-12-06 09:05:45.360000,"{""fli"": 30.98}"
obd,28.3736,0.0136,2021-12-06 09:05:45.373600,"{""odometer_km"": 148416.392}"
obd,28.4444,0.0708,2021-12-06 09:05:45.444400,"{""veh_speed"": 0}"
obd,28.4543,0.0099,2021-12-06 09:05:45.454300,"{""aat"": 2}"
obd,28.4643,0.0043,2021-12-06 09:05:45.464300,"{""status"": ""unknown pid"", ""pid"": ""34"", ""address"": ""2024"", ""bus_id"": ""255""}"
obd,28.4744,0.0101,2021-12-06 09:05:45.474400,"{""e_load"": 27.451}"
obd,28.4843,0.0099,2021-12-06 09:05:45.484300,"{""c_temp"": 17}"
obd,28.4943,0.01,2021-12-06 09:05:45.494300,"{""status"": ""unknown pid"", ""pid"": ""17"", ""address"": ""2024"", ""bus_id"": ""255""}"
obd,28.5044,0.0101,2021-12-06 09:05:45.504400,"{""rpm"": 682.5}"
obd,29.1642,0.0042,2021-12-06 09:05:46.164200,"{""veh_speed"": 0}"
obd,29.1742,0.01,2021-12-06 09:05:46.174200,"{""aat"": 2}"
obd,29.1842,0.01,2021-12-06 09:05:46.184200,"{""status"": ""unknown pid"", ""pid"": ""34"", ""address"": ""2024"", ""bus_id"": ""255""}"
obd,29.1942,0.01,2021-12-06 09:05:46.194200,"{""e_load"": 26.275}"
obd,29.2042,0.01,2021-12-06 09:05:46.204200,"{""c_temp"": 17}"
obd,29.2142,0.01,2021-12-06 09:05:46.214200,"{""status"": ""unknown pid"", ""pid"": ""17"", ""address"": ""2024"", ""bus_id"": ""255""}"
obd,29.2244,0.0102,2021-12-06 09:05:46.224400,"{""rpm"": 683.5}"
obd,30.1642,0.0042,2021-12-06 09:05:47.164200,"{""veh_speed"": 0}"
obd,30.1742,0.01,2021-12-06 09:05:47.174200,"{""aat"": 2}"
obd,30.1842,0.01,2021-12-06 09:05:47.184200,"{""status"": ""unknown pid"", ""pid"": ""34"", ""address"": ""2024"", ""bus_id"": ""255""}"
obd,30.1947,0.0105,2021-12-06 09:05:47.194700,"{""e_load"": 28.235}"
obd,30.2042,0.0095,2021-12-06 09:05:47.204200,"{""c_temp"": 17}"
obd,30.2141,0.0099,2021-12-06 09:05:47.214100,"{""status"": ""unknown pid"", ""pid"": ""17"", ""address"": ""2024"", ""bus_id"": ""255""}"
obd,30.2246,0.0105,2021-12-06 09:05:47.224600,"{""rpm"": 673.5}"
obd,31.1641,0.0041,2021-12-06 09:05:48.164100,"{""veh_speed"": 0}"
obd,31.1742,0.0101,2021-12-06 09:05:48.174200,"{""aat"": 2}"
obd,31.1841,0.0099,2021-12-06 09:05:48.184100,"{""status"": ""unknown pid"", ""pid"": ""34"", ""address"": ""2024"", ""bus_id"": ""255""}"
obd,31.194,0.0099,2021-12-06 09:05:48.194000,"{""e_load"": 27.843}"
obd,31.2041,0.0101,2021-12-06 09:05:48.204100,"{""c_temp"": 17}"
obd,31.214,0.0099,2021-12-06 09:05:48.214000,"{""status"": ""unknown pid"", ""pid"": ""17"", ""address"": ""2024"", ""bus_id"": ""255""}"
obd,31.2241,0.0101,2021-12-06 09:05:48.224100,"{""rpm"": 674.5}"
obd,32.164,0.004,2021-12-06 09:05:49.164000,"{""veh_speed"": 0}"
obd,32.1741,0.0101,2021-12-06 09:05:49.174100,"{""aat"": 2}"
obd,32.1839,0.0098,2021-12-06 09:05:49.183900,"{""status"": ""unknown pid"", ""pid"": ""34"", ""address"": ""2024"", ""bus_id"": ""255""}"
obd,32.1939,0.01,2021-12-06 09:05:49.193900,"{""e_load"": 27.451}"
obd,32.204,0.0101,2021-12-06 09:05:49.204000,"{""c_temp"": 17}"
obd,32.2139,0.0099,2021-12-06 09:05:49.213900,"{""status"": ""unknown pid"", ""pid"": ""17"", ""address"": ""2024"", ""bus_id"": ""255""}"
obd,32.2239,0.01,2021-12-06 09:05:49.223900,"{""rpm"": 673.0}"
obd,33.1639,0.0009,2021-12-06 09:05:50.163900,"{""veh_speed"": 0}"
obd,33.1738,0.0099,2021-12-06 09:05:50.173800,"{""aat"": 2}"
obd,33.1838,0.01,2021-12-06 09:05:50.183800,"{""status"": ""unknown pid"", ""pid"": ""34"", ""address"": ""2024"", ""bus_id"": ""255""}"
obd,33.1938,0.01,2021-12-06 09:05:50.193800,"{""e_load"": 27.451}"
obd,33.2039,0.0101,2021-12-06 09:05:50.203900,"{""c_temp"": 17}"
obd,33.2644,0.0044,2021-12-06 09:05:50.264400,"{""status"": ""unknown pid"", ""pid"": ""17"", ""address"": ""2024"", ""bus_id"": ""255""}"
obd,33.2739,0.0095,2021-12-06 09:05:50.273900,"{""rpm"": 669.0}"
obd,34.1639,0.0039,2021-12-06 09:05:51.163900,"{""veh_speed"": 0}"
obd,34.1738,0.0099,2021-12-06 09:05:51.173800,"{""aat"": 2}"
obd,34.1838,0.01,2021-12-06 09:05:51.183800,"{""status"": ""unknown pid"", ""pid"": ""34"", ""address"": ""2024"", ""bus_id"": ""255""}"
obd,34.1938,0.01,2021-12-06 09:05:51.193800,"{""e_load"": 27.843}"
obd,34.2038,0.01,2021-12-06 09:05:51.203800,"{""c_temp"": 17}"
obd,34.2138,0.01,2021-12-06 09:05:51.213800,"{""status"": ""unknown pid"", ""pid"": ""17"", ""address"": ""2024"", ""bus_id"": ""255""}"
obd,34.2238,0.01,2021-12-06 09:05:51.223800,"{""rpm"": 671.5}"
obd,35.1638,0.0038,2021-12-06 09:05:52.163800,"{""veh_speed"": 0}"
obd,35.1737,0.0099,2021-12-06 09:05:52.173700,"{""aat"": 2}"
obd,35.1837,0.01,2021-12-06 09:05:52.183700,"{""status"": ""unknown pid"", ""pid"": ""34"", ""address"": ""2024"", ""bus_id"": ""255""}"
obd,35.1937,0.01,2021-12-06 09:05:52.193700,"{""e_load"": 26.275}"
obd,35.2037,0.01,2021-12-06 09:05:52.203700,"{""c_temp"": 17}"
obd,35.2137,0.01,2021-12-06 09:05:52.213700,"{""status"": ""unknown pid"", ""pid"": ""17"", ""address"": ""2024"", ""bus_id"": ""255""}"
obd,35.2237,0.01,2021-12-06 09:05:52.223700,"{""rpm"": 684.5}"
obd,36.1636,0.0036,2021-12-06 09:05:53.163600,"{""veh_speed"": 0}"
obd,36.1736,0.01,2021-12-06 09:05:53.173600,"{""aat"": 2}"
obd,36.1838,0.0102,2021-12-06 09:05:53.183800,"{""status"": ""unknown pid"", ""pid"": ""34"", ""address"": ""2024"", ""bus_id"": ""255""}"
obd,36.1936,0.0098,2021-12-06 09:05:53.193600,"{""e_load"": 29.02}"
obd,36.2038,0.0102,2021-12-06 09:05:53.203800,"{""c_temp"": 17}"
obd,36.2136,0.0098,2021-12-06 09:05:53.213600,"{""status"": ""unknown pid"", ""pid"": ""17"", ""address"": ""2024"", ""bus_id"": ""255""}"
obd,36.2239,0.0103,2021-12-06 09:05:53.223900,"{""rpm"": 670.0}"
obd,37.1635,0.0035,2021-12-06 09:05:54.163500,"{""veh_speed"": 0}"
obd,37.1735,0.01,2021-12-06 09:05:54.173500,"{""aat"": 2}"
obd,37.1835,0.01,2021-12-06 09:05:54.183500,"{""status"": ""unknown pid"", ""pid"": ""34"", ""address"": ""2024"", ""bus_id"": ""255""}"
obd,37.1934,0.0099,2021-12-06 09:05:54.193400,"{""e_load"": 28.627}"
obd,37.204,0.0106,2021-12-06 09:05:54.204000,"{""c_temp"": 17}"
obd,37.2135,0.0095,2021-12-06 09:05:54.213500,"{""status"": ""unknown pid"", ""pid"": ""17"", ""address"": ""2024"", ""bus_id"": ""255""}"
obd,37.2236,0.0101,2021-12-06 09:05:54.223600,"{""rpm"": 665.5}"
obd,38.1635,0.0035,2021-12-06 09:05:55.163500,"{""veh_speed"": 0}"
obd,38.1734,0.0099,2021-12-06 09:05:55.173400,"{""aat"": 2}"
obd,38.1835,0.0101,2021-12-06 09:05:55.183500,"{""status"": ""unknown pid"", ""pid"": ""34"", ""address"": ""2024"", ""bus_id"": ""255""}"
obd,38.1934,0.0099,2021-12-06 09:05:55.193400,"{""e_load"": 28.235}"
obd,38.2035,0.0101,2021-12-06 09:05:55.203500,"{""c_temp"": 17}"
obd,38.2135,0.01,2021-12-06 09:05:55.213500,"{""status"": ""unknown pid"", ""pid"": ""17"", ""address"": ""2024"", ""bus_id"": ""255""}"
obd,38.2235,0.01,2021-12-06 09:05:55.223500,"{""rpm"": 668.5}"
obd,39.1634,0.0034,2021-12-06 09:05:56.163400,"{""veh_speed"": 0}"
obd,39.1733,0.0099,2021-12-06 09:05:56.173300,"{""aat"": 2}"
obd,39.1834,0.0101,2021-12-06 09:05:56.183400,"{""status"": ""unknown pid"", ""pid"": ""34"", ""address"": ""2024"", ""bus_id"": ""255""}"
obd,39.1933,0.0099,2021-12-06 09:05:56.193300,"{""e_load"": 27.843}"
obd,39.2034,0.0101,2021-12-06 09:05:56.203400,"{""c_temp"": 17}"
obd,39.2134,0.01,2021-12-06 09:05:56.213400,"{""status"": ""unknown pid"", ""pid"": ""17"", ""address"": ""2024"", ""bus_id"": ""255""}"
obd,39.2234,0.01,2021-12-06 09:05:56.223400,"{""rpm"": 677.5}"
obd,40.1633,0.0033,2021-12-06 09:05:57.163300,"{""veh_speed"": 0}"
obd,40.1732,0.0099,2021-12-06 09:05:57.173200,"{""aat"": 2}"
obd,40.1833,0.0101,2021-12-06 09:05:57.183300,"{""status"": ""unknown pid"", ""pid"": ""34"", ""address"": ""2024"", ""bus_id"": ""255""}"
obd,40.1932,0.0099,2021-12-06 09:05:57.193200,"{""e_load"": 25.882}"
obd,40.2033,0.0101,2021-12-06 09:05:57.203300,"{""c_temp"": 18}"
obd,40.2132,0.0099,2021-12-06 09:05:57.213200,"{""status"": ""unknown pid"", ""pid"": ""17"", ""address"": ""2024"", ""bus_id"": ""255""}"
obd,40.2233,0.0101,2021-12-06 09:05:57.223300,"{""rpm"": 689.5}"
obd,41.1632,0.0032,2021-12-06 09:05:58.163200,"{""veh_speed"": 0}"
obd,41.1733,0.0101,2021-12-06 09:05:58.173300,"{""aat"": 2}"
obd,41.1832,0.0099,2021-12-06 09:05:58.183200,"{""status"": ""unknown pid"", ""pid"": ""34"", ""address"": ""2024"", ""bus_id"": ""255""}"
obd,41.1933,0.0101,2021-12-06 09:05:58.193300,"{""e_load"": 27.843}"
obd,41.2037,0.0104,2021-12-06 09:05:58.203700,"{""c_temp"": 18}"
obd,41.2133,0.0096,2021-12-06 09:05:58.213300,"{""status"": ""unknown pid"", ""pid"": ""17"", ""address"": ""2024"", ""bus_id"": ""255""}"
obd,41.2233,0.01,2021-12-06 09:05:58.223300,"{""rpm"": 668.0}"
obd,42.1632,0.0032,2021-12-06 09:05:59.163200,"{""veh_speed"": 0}"
obd,42.1731,0.0099,2021-12-06 09:05:59.173100,"{""aat"": 2}"
obd,42.1831,0.01,2021-12-06 09:05:59.183100,"{""status"": ""unknown pid"", ""pid"": ""34"", ""address"": ""2024"", ""bus_id"": ""255""}"
obd,42.1931,0.01,2021-12-06 09:05:59.193100,"{""e_load"": 26.275}"
obd,42.2031,0.01,2021-12-06 09:05:59.203100,"{""c_temp"": 18}"
obd,42.2131,0.01,2021-12-06 09:05:59.213100,"{""status"": ""unknown pid"", ""pid"": ""17"", ""address"": ""2024"", ""bus_id"": ""255""}"
obd,42.2232,0.0101,2021-12-06 09:05:59.223200,"{""rpm"": 686.0}"
obd,43.163,0.003,2021-12-06 09:06:00.163000,"{""veh_speed"": 0}"
obd,43.173,0.01,2021-12-06 09:06:00.173000,"{""aat"": 2}"
obd,43.183,0.01,2021-12-06 09:06:00.183000,"{""status"": ""unknown pid"", ""pid"": ""34"", ""address"": ""2024"", ""bus_id"": ""255""}"
obd,43.193,0.01,2021-12-06 09:06:00.193000,"{""e_load"": 26.667}"
obd,43.2029,0.0099,2021-12-06 09:06:00.202900,"{""c_temp"": 18}"
obd,43.213,0.0101,2021-12-06 09:06:00.213000,"{""status"": ""unknown pid"", ""pid"": ""17"", ""address"": ""2024"", ""bus_id"": ""255""}"
obd,43.2229,0.0099,2021-12-06 09:06:00.222900,"{""rpm"": 677.5}"
obd,44.1629,0.0029,2021-12-06 09:06:01.162900,"{""veh_speed"": 0}"
obd,44.1729,0.01,2021-12-06 09:06:01.172900,"{""aat"": 2}"
obd,44.1829,0.01,2021-12-06 09:06:01.182900,"{""status"": ""unknown pid"", ""pid"": ""34"", ""address"": ""2024"", ""bus_id"": ""255""}"
obd,44.1929,0.01,2021-12-06 09:06:01.192900,"{""e_load"": 25.49}"
obd,44.203,0.0101,2021-12-06 09:06:01.203000,"{""c_temp"": 18}"
obd,44.2129,0.0099,2021-12-06 09:06:01.212900,"{""status"": ""unknown pid"", ""pid"": ""17"", ""address"": ""2024"", ""bus_id"": ""255""}"
obd,44.2229,0.01,2021-12-06 09:06:01.222900,"{""rpm"": 688.5}"
obd,45.1628,0.0028,2021-12-06 09:06:02.162800,"{""veh_speed"": 0}"
obd,45.1728,0.01,2021-12-06 09:06:02.172800,"{""aat"": 2}"
obd,45.1833,0.0105,2021-12-06 09:06:02.183300,"{""status"": ""unknown pid"", ""pid"": ""34"", ""address"": ""2024"", ""bus_id"": ""255""}"
obd,45.1928,0.0095,2021-12-06 09:06:02.192800,"{""e_load"": 26.275}"
obd,45.2028,0.01,2021-12-06 09:06:02.202800,"{""c_temp"": 18}"
obd,45.2128,0.01,2021-12-06 09:06:02.212800,"{""status"": ""unknown pid"", ""pid"": ""17"", ""address"": ""2024"", ""bus_id"": ""255""}"
obd,45.2228,0.01,2021-12-06 09:06:02.222800,"{""rpm"": 673.5}"
obd,46.1628,0.0028,2021-12-06 09:06:03.162800,"{""veh_speed"": 0}"
obd,46.1728,0.01,2021-12-06 09:06:03.172800,"{""aat"": 2}"
obd,46.1828,0.01,2021-12-06 09:06:03.182800,"{""status"": ""unknown pid"", ""pid"": ""34"", ""address"": ""2024"", ""bus_id"": ""255""}"
obd,46.1928,0.01,2021-12-06 09:06:03.192800,"{""e_load"": 27.843}"
obd,46.2028,0.01,2021-12-06 09:06:03.202800,"{""c_temp"": 18}"
obd,46.2128,0.01,2021-12-06 09:06:03.212800,"{""status"": ""unknown pid"", ""pid"": ""17"", ""address"": ""2024"", ""bus_id"": ""255""}"
obd,46.2228,0.01,2021-12-06 09:06:03.222800,"{""rpm"": 672.0}"
obd,47.1627,0.0027,2021-12-06 09:06:04.162700,"{""veh_speed"": 0}"
obd,47.1726,0.0099,2021-12-06 09:06:04.172600,"{""aat"": 2}"
obd,47.1827,0.0101,2021-12-06 09:06:04.182700,"{""status"": ""unknown pid"", ""pid"": ""34"", ""address"": ""2024"", ""bus_id"": ""255""}"
obd,47.1927,0.01,2021-12-06 09:06:04.192700,"{""e_load"": 27.451}"
obd,47.2031,0.0104,2021-12-06 09:06:04.203100,"{""c_temp"": 18}"
obd,47.2126,0.0095,2021-12-06 09:06:04.212600,"{""status"": ""unknown pid"", ""pid"": ""17"", ""address"": ""2024"", ""bus_id"": ""255""}"
obd,47.2227,0.0101,2021-12-06 09:06:04.222700,"{""rpm"": 675.0}"
obd,48.1626,0.0026,2021-12-06 09:06:05.162600,"{""veh_speed"": 0}"
obd,48.1725,0.0099,2021-12-06 09:06:05.172500,"{""aat"": 2}"
obd,48.1826,0.0101,2021-12-06 09:06:05.182600,"{""status"": ""unknown pid"", ""pid"": ""34"", ""address"": ""2024"", ""bus_id"": ""255""}"
obd,48.1925,0.0099,2021-12-06 09:06:05.192500,"{""e_load"": 27.451}"
obd,48.2026,0.0101,2021-12-06 09:06:05.202600,"{""c_temp"": 18}"
obd,48.2125,0.0099,2021-12-06 09:06:05.212500,"{""status"": ""unknown pid"", ""pid"": ""17"", ""address"": ""2024"", ""bus_id"": ""255""}"
obd,48.2226,0.0101,2021-12-06 09:06:05.222600,"{""rpm"": 668.0}"
obd,49.1625,0.0025,2021-12-06 09:06:06.162500,"{""veh_speed"": 0}"
obd,49.1725,0.01,2021-12-06 09:06:06.172500,"{""aat"": 2}"
obd,49.1824,0.0099,2021-12-06 09:06:06.182400,"{""status"": ""unknown pid"", ""pid"": ""34"", ""address"": ""2024"", ""bus_id"": ""255""}"
obd,49.1924,0.01,2021-12-06 09:06:06.192400,"{""e_load"": 25.882}"
obd,49.2025,0.0101,2021-12-06 09:06:06.202500,"{""c_temp"": 18}"
obd,49.2124,0.0099,2021-12-06 09:06:06.212400,"{""status"": ""unknown pid"", ""pid"": ""17"", ""address"": ""2024"", ""bus_id"": ""255""}"
obd,49.2224,0.01,2021-12-06 09:06:06.222400,"{""rpm"": 683.0}"
obd,50.1623,0.0023,2021-12-06 09:06:07.162300,"{""veh_speed"": 0}"
obd,50.1723,0.01,2021-12-06 09:06:07.172300,"{""aat"": 2}"
obd,50.1823,0.01,2021-12-06 09:06:07.182300,"{""status"": ""unknown pid"", ""pid"": ""34"", ""address"": ""2024"", ""bus_id"": ""255""}"
obd,50.1923,0.01,2021-12-06 09:06:07.192300,"{""e_load"": 25.49}"
obd,50.2023,0.01,2021-12-06 09:06:07.202300,"{""c_temp"": 18}"
obd,50.2123,0.01,2021-12-06 09:06:07.212300,"{""status"": ""unknown pid"", ""pid"": ""17"", ""address"": ""2024"", ""bus_id"": ""255""}"
obd,50.2223,0.01,2021-12-06 09:06:07.222300,"{""rpm"": 682.5}"
obd,51.1623,0.0023,2021-12-06 09:06:08.162300,"{""veh_speed"": 0}"
obd,51.1723,0.01,2021-12-06 09:06:08.172300,"{""aat"": 2}"
obd,51.1823,0.01,2021-12-06 09:06:08.182300,"{""status"": ""unknown pid"", ""pid"": ""34"", ""address"": ""2024"", ""bus_id"": ""255""}"
obd,51.1923,0.01,2021-12-06 09:06:08.192300,"{""e_load"": 27.059}"
obd,51.2023,0.01,2021-12-06 09:06:08.202300,"{""c_temp"": 18}"
obd,51.2123,0.01,2021-12-06 09:06:08.212300,"{""status"": ""unknown pid"", ""pid"": ""17"", ""address"": ""2024"", ""bus_id"": ""255""}"
obd,51.2223,0.01,2021-12-06 09:06:08.222300,"{""rpm"": 673.0}"
obd,52.1622,0.0022,2021-12-06 09:06:09.162200,"{""veh_speed"": 0}"
obd,52.1722,0.01,2021-12-06 09:06:09.172200,"{""aat"": 2}"
obd,52.1822,0.01,2021-12-06 09:06:09.182200,"{""status"": ""unknown pid"", ""pid"": ""34"", ""address"": ""2024"", ""bus_id"": ""255""}"
obd,52.1922,0.01,2021-12-06 09:06:09.192200,"{""e_load"": 25.49}"
obd,52.2022,0.01,2021-12-06 09:06:09.202200,"{""c_temp"": 18}"
obd,52.2121,0.0099,2021-12-06 09:06:09.212100,"{""status"": ""unknown pid"", ""pid"": ""17"", ""address"": ""2024"", ""bus_id"": ""255""}"
obd,52.2222,0.0101,2021-12-06 09:06:09.222200,"{""rpm"": 681.5}"
obd,53.1621,0.0021,2021-12-06 09:06:10.162100,"{""veh_speed"": 0}"
obd,53.1721,0.01,2021-12-06 09:06:10.172100,"{""aat"": 2}"
obd,53.1821,0.01,2021-12-06 09:06:10.182100,"{""status"": ""unknown pid"", ""pid"": ""34"", ""address"": ""2024"", ""bus_id"": ""255""}"
obd,53.1921,0.01,2021-12-06 09:06:10.192100,"{""e_load"": 26.275}"
obd,53.2021,0.01,2021-12-06 09:06:10.202100,"{""c_temp"": 18}"
obd,53.212,0.0099,2021-12-06 09:06:10.212000,"{""status"": ""unknown pid"", ""pid"": ""17"", ""address"": ""2024"", ""bus_id"": ""255""}"
obd,53.2222,0.0102,2021-12-06 09:06:10.222200,"{""rpm"": 679.0}"
obd,54.1621,0.0021,2021-12-06 09:06:11.162100,"{""veh_speed"": 0}"
obd,54.1721,0.01,2021-12-06 09:06:11.172100,"{""aat"": 2}"
obd,54.1821,0.01,2021-12-06 09:06:11.182100,"{""status"": ""unknown pid"", ""pid"": ""34"", ""address"": ""2024"", ""bus_id"": ""255""}"
obd,54.192,0.0099,2021-12-06 09:06:11.192000,"{""e_load"": 27.451}"
obd,54.2021,0.0101,2021-12-06 09:06:11.202100,"{""c_temp"": 18}"
obd,54.2121,0.01,2021-12-06 09:06:11.212100,"{""status"": ""unknown pid"", ""pid"": ""17"", ""address"": ""2024"", ""bus_id"": ""255""}"
obd,54.2221,0.01,2021-12-06 09:06:11.222100,"{""rpm"": 673.5}"
obd,55.162,0.002,2021-12-06 09:06:12.162000,"{""veh_speed"": 0}"
obd,55.172,0.01,2021-12-06 09:06:12.172000,"{""aat"": 2}"
obd,55.182,0.01,2021-12-06 09:06:12.182000,"{""status"": ""unknown pid"", ""pid"": ""34"", ""address"": ""2024"", ""bus_id"": ""255""}"
obd,55.1919,0.0099,2021-12-06 09:06:12.191900,"{""e_load"": 25.49}"
obd,55.2021,0.0102,2021-12-06 09:06:12.202100,"{""c_temp"": 18}"
obd,55.2119,0.0098,2021-12-06 09:06:12.211900,"{""status"": ""unknown pid"", ""pid"": ""17"", ""address"": ""2024"", ""bus_id"": ""255""}"
obd,55.222,0.0101,2021-12-06 09:06:12.222000,"{""rpm"": 681.0}"
obd,56.1619,0.0019,2021-12-06 09:06:13.161900,"{""veh_speed"": 0}"
obd,56.1719,0.01,2021-12-06 09:06:13.171900,"{""aat"": 2}"
obd,56.1819,0.01,2021-12-06 09:06:13.181900,"{""status"": ""unknown pid"", ""pid"": ""34"", ""address"": ""2024"", ""bus_id"": ""255""}"
obd,56.1918,0.0099,2021-12-06 09:06:13.191800,"{""e_load"": 25.882}"
obd,56.202,0.0102,2021-12-06 09:06:13.202000,"{""c_temp"": 18}"
obd,56.2123,0.0103,2021-12-06 09:06:13.212300,"{""status"": ""unknown pid"", ""pid"": ""17"", ""address"": ""2024"", ""bus_id"": ""255""}"
obd,56.2219,0.0096,2021-12-06 09:06:13.221900,"{""rpm"": 689.5}"
obd,57.1618,0.0018,2021-12-06 09:06:14.161800,"{""veh_speed"": 0}"
obd,57.1717,0.0099,2021-12-06 09:06:14.171700,"{""aat"": 2}"
obd,57.1818,0.0101,2021-12-06 09:06:14.181800,"{""status"": ""unknown pid"", ""pid"": ""34"", ""address"": ""2024"", ""bus_id"": ""255""}"
obd,57.1917,0.0099,2021-12-06 09:06:14.191700,"{""e_load"": 25.882}"
obd,57.2018,0.0101,2021-12-06 09:06:14.201800,"{""c_temp"": 18}"
obd,57.2117,0.0099,2021-12-06 09:06:14.211700,"{""status"": ""unknown pid"", ""pid"": ""17"", ""address"": ""2024"", ""bus_id"": ""255""}"
obd,57.2218,0.0101,2021-12-06 09:06:14.221800,"{""rpm"": 680.5}"
obd,58.1619,0.0009,2021-12-06 09:06:15.161900,"{""status"": ""unknown pid"", ""pid"": ""34"", ""address"": ""2024"", ""bus_id"": ""255""}"
obd,58.26,0.0,2021-12-06 09:06:15.260000,"{""status"": ""unknown pid"", ""pid"": ""34"", ""address"": ""2024"", ""bus_id"": ""255""}"
obd,58.36,0.0,2021-12-06 09:06:15.360000,"{""fli"": 30.98}"
obd,58.3748,0.0148,2021-12-06 09:06:15.374800,"{""odometer_km"": 148416.392}"
obd,58.4417,0.0669,2021-12-06 09:06:15.441700,"{""veh_speed"": 0}"
obd,58.4516,0.0099,2021-12-06 09:06:15.451600,"{""aat"": 2}"
obd,58.4617,0.0017,2021-12-06 09:06:15.461700,"{""status"": ""unknown pid"", ""pid"": ""34"", ""address"": ""2024"", ""bus_id"": ""255""}"
obd,58.4716,0.0099,2021-12-06 09:06:15.471600,"{""e_load"": 26.275}"
obd,58.4817,0.0101,2021-12-06 09:06:15.481700,"{""c_temp"": 18}"
obd,58.4917,0.01,2021-12-06 09:06:15.491700,"{""status"": ""unknown pid"", ""pid"": ""17"", ""address"": ""2024"", ""bus_id"": ""255""}"
obd,58.5017,0.01,2021-12-06 09:06:15.501700,"{""rpm"": 686.0}"
obd,59.1617,0.0017,2021-12-06 09:06:16.161700,"{""veh_speed"": 0}"
obd,59.1717,0.01,2021-12-06 09:06:16.171700,"{""aat"": 2}"
obd,59.1821,0.0104,2021-12-06 09:06:16.182100,"{""status"": ""unknown pid"", ""pid"": ""34"", ""address"": ""2024"", ""bus_id"": ""255""}"
obd,59.1916,0.0095,2021-12-06 09:06:16.191600,"{""e_load"": 25.882}"
obd,59.2016,0.01,2021-12-06 09:06:16.201600,"{""c_temp"": 18}"
obd,59.2119,0.0103,2021-12-06 09:06:16.211900,"{""status"": ""unknown pid"", ""pid"": ""17"", ""address"": ""2024"", ""bus_id"": ""255""}"
obd,59.2216,0.0097,2021-12-06 09:06:16.221600,"{""rpm"": 687.0}"
obd,60.1616,0.0016,2021-12-06 09:06:17.161600,"{""veh_speed"": 0}"
obd,60.1715,0.0099,2021-12-06 09:06:17.171500,"{""aat"": 2}"
obd,60.1817,0.0102,2021-12-06 09:06:17.181700,"{""status"": ""unknown pid"", ""pid"": ""34"", ""address"": ""2024"", ""bus_id"": ""255""}"
obd,60.1915,0.0098,2021-12-06 09:06:17.191500,"{""e_load"": 25.098}"
obd,60.2015,0.01,2021-12-06 09:06:17.201500,"{""c_temp"": 18}"
obd,60.2115,0.01,2021-12-06 09:06:17.211500,"{""status"": ""unknown pid"", ""pid"": ""17"", ""address"": ""2024"", ""bus_id"": ""255""}"
obd,60.2215,0.01,2021-12-06 09:06:17.221500,"{""rpm"": 684.0}"
obd,61.1614,0.0014,2021-12-06 09:06:18.161400,"{""veh_speed"": 0}"
obd,61.1715,0.0101,2021-12-06 09:06:18.171500,"{""aat"": 2}"
obd,61.1814,0.0099,2021-12-06 09:06:18.181400,"{""status"": ""unknown pid"", ""pid"": ""34"", ""address"": ""2024"", ""bus_id"": ""255""}"
obd,61.1914,0.01,2021-12-06 09:06:18.191400,"{""e_load"": 25.098}"
obd,61.2015,0.0101,2021-12-06 09:06:18.201500,"{""c_temp"": 18}"
obd,61.2114,0.0099,2021-12-06 09:06:18.211400,"{""status"": ""unknown pid"", ""pid"": ""17"", ""address"": ""2024"", ""bus_id"": ""255""}"
obd,61.2214,0.01,2021-12-06 09:06:18.221400,"{""rpm"": 685.0}"
obd,62.1614,0.0014,2021-12-06 09:06:19.161400,"{""veh_speed"": 0}"
obd,62.1713,0.0099,2021-12-06 09:06:19.171300,"{""aat"": 2}"
obd,62.1814,0.0101,2021-12-06 09:06:19.181400,"{""status"": ""unknown pid"", ""pid"": ""34"", ""address"": ""2024"", ""bus_id"": ""255""}"
obd,62.1913,0.0099,2021-12-06 09:06:19.191300,"{""e_load"": 27.451}"
obd,62.2014,0.0101,2021-12-06 09:06:19.201400,"{""c_temp"": 18}"
obd,62.2113,0.0099,2021-12-06 09:06:19.211300,"{""status"": ""unknown pid"", ""pid"": ""17"", ""address"": ""2024"", ""bus_id"": ""255""}"
obd,62.2214,0.0101,2021-12-06 09:06:19.221400,"{""rpm"": 676.5}"
obd,63.1613,0.0003,2021-12-06 09:06:20.161300,"{""veh_speed"": 0}"
obd,63.1712,0.0099,2021-12-06 09:06:20.171200,"{""aat"": 2}"
obd,63.1813,0.0101,2021-12-06 09:06:20.181300,"{""status"": ""unknown pid"", ""pid"": ""34"", ""address"": ""2024"", ""bus_id"": ""255""}"
obd,63.1912,0.0099,2021-12-06 09:06:20.191200,"{""e_load"": 27.451}"
obd,63.2013,0.0101,2021-12-06 09:06:20.201300,"{""c_temp"": 18}"
obd,63.2113,0.01,2021-12-06 09:06:20.211300,"{""status"": ""unknown pid"", ""pid"": ""17"", ""address"": ""2024"", ""bus_id"": ""255""}"
obd,63.2213,0.01,2021-12-06 09:06:20.221300,"{""rpm"": 670.0}"
obd,64.1613,0.0013,2021-12-06 09:06:21.161300,"{""veh_speed"": 0}"
obd,64.1711,0.0098,2021-12-06 09:06:21.171100,"{""aat"": 2}"
obd,64.1812,0.0101,2021-12-06 09:06:21.181200,"{""status"": ""unknown pid"", ""pid"": ""34"", ""address"": ""2024"", ""bus_id"": ""255""}"
obd,64.1911,0.0099,2021-12-06 09:06:21.191100,"{""e_load"": 25.882}"
obd,64.2012,0.0101,2021-12-06 09:06:21.201200,"{""c_temp"": 18}"
obd,64.2111,0.0099,2021-12-06 09:06:21.211100,"{""status"": ""unknown pid"", ""pid"": ""17"", ""address"": ""2024"", ""bus_id"": ""255""}"
obd,64.2212,0.0101,2021-12-06 09:06:21.221200,"{""rpm"": 679.5}"
obd,65.1711,0.0111,2021-12-06 09:06:22.171100,"{""veh_speed"": 0}"
obd,65.1815,0.0104,2021-12-06 09:06:22.181500,"{""aat"": 2}"
obd,65.191,0.0095,2021-12-06 09:06:22.191000,"{""status"": ""unknown pid"", ""pid"": ""34"", ""address"": ""2024"", ""bus_id"": ""255""}"
obd,65.2011,0.0101,2021-12-06 09:06:22.201100,"{""e_load"": 27.059}"
obd,65.2114,0.0103,2021-12-06 09:06:22.211400,"{""c_temp"": 18}"
obd,65.2211,0.0097,2021-12-06 09:06:22.221100,"{""status"": ""unknown pid"", ""pid"": ""17"", ""address"": ""2024"", ""bus_id"": ""255""}"
obd,65.2311,0.01,2021-12-06 09:06:22.231100,"{""rpm"": 685.5}"
obd,66.171,0.011,2021-12-06 09:06:23.171000,"{""veh_speed"": 0}"
obd,66.1809,0.0099,2021-12-06 09:06:23.180900,"{""aat"": 2}"
obd,66.1909,0.01,2021-12-06 09:06:23.190900,"{""status"": ""unknown pid"", ""pid"": ""34"", ""address"": ""2024"", ""bus_id"": ""255""}"
obd,66.201,0.0101,2021-12-06 09:06:23.201000,"{""e_load"": 24.706}"
obd,66.211,0.01,2021-12-06 09:06:23.211000,"{""c_temp"": 18}"
obd,66.221,0.01,2021-12-06 09:06:23.221000,"{""status"": ""unknown pid"", ""pid"": ""17"", ""address"": ""2024"", ""bus_id"": ""255""}"
obd,66.231,0.01,2021-12-06 09:06:23.231000,"{""rpm"": 681.5}"
obd,67.1709,0.0109,2021-12-06 09:06:24.170900,"{""veh_speed"": 0}"
obd,67.1809,0.01,2021-12-06 09:06:24.180900,"{""aat"": 2}"
obd,67.1909,0.01,2021-12-06 09:06:24.190900,"{""status"": ""unknown pid"", ""pid"": ""34"", ""address"": ""2024"", ""bus_id"": ""255""}"
obd,67.2009,0.01,2021-12-06 09:06:24.200900,"{""e_load"": 26.667}"
obd,67.2109,0.01,2021-12-06 09:06:24.210900,"{""c_temp"": 19}"
obd,67.2209,0.01,2021-12-06 09:06:24.220900,"{""status"": ""unknown pid"", ""pid"": ""17"", ""address"": ""2024"", ""bus_id"": ""255""}"
obd,67.2311,0.0102,2021-12-06 09:06:24.231100,"{""rpm"": 683.0}"
obd,68.1708,0.0108,2021-12-06 09:06:25.170800,"{""veh_speed"": 0}"
obd,68.1809,0.0101,2021-12-06 09:06:25.180900,"{""aat"": 2}"
obd,68.1908,0.0099,2021-12-06 09:06:25.190800,"{""status"": ""unknown pid"", ""pid"": ""34"", ""address"": ""2024"", ""bus_id"": ""255""}"
obd,68.2009,0.0101,2021-12-06 09:06:25.200900,"{""e_load"": 27.059}"
obd,68.2108,0.0099,2021-12-06 09:06:25.210800,"{""c_temp"": 19}"
obd,68.2208,0.01,2021-12-06 09:06:25.220800,"{""status"": ""unknown pid"", ""pid"": ""17"", ""address"": ""2024"", ""bus_id"": ""255""}"
obd,68.2308,0.01,2021-12-06 09:06:25.230800,"{""rpm"": 685.5}"
obd,69.1707,0.0107,2021-12-06 09:06:26.170700,"{""veh_speed"": 0}"
obd,69.1812,0.0105,2021-12-06 09:06:26.181200,"{""aat"": 2}"
obd,69.1907,0.0095,2021-12-06 09:06:26.190700,"{""status"": ""unknown pid"", ""pid"": ""34"", ""address"": ""2024"", ""bus_id"": ""255""}"
obd,69.2007,0.01,2021-12-06 09:06:26.200700,"{""e_load"": 25.882}"
obd,69.2107,0.01,2021-12-06 09:06:26.210700,"{""c_temp"": 19}"
obd,69.2207,0.01,2021-12-06 09:06:26.220700,"{""status"": ""unknown pid"", ""pid"": ""17"", ""address"": ""2024"", ""bus_id"": ""255""}"
obd,69.2307,0.01,2021-12-06 09:06:26.230700,"{""rpm"": 687.0}"
obd,70.1707,0.0107,2021-12-06 09:06:27.170700,"{""veh_speed"": 0}"
obd,70.1807,0.01,2021-12-06 09:06:27.180700,"{""aat"": 2}"
obd,70.1906,0.0099,2021-12-06 09:06:27.190600,"{""status"": ""unknown pid"", ""pid"": ""34"", ""address"": ""2024"", ""bus_id"": ""255""}"
obd,70.2007,0.0101,2021-12-06 09:06:27.200700,"{""e_load"": 25.49}"
obd,70.2106,0.0099,2021-12-06 09:06:27.210600,"{""c_temp"": 19}"
obd,70.2207,0.0101,2021-12-06 09:06:27.220700,"{""status"": ""unknown pid"", ""pid"": ""17"", ""address"": ""2024"", ""bus_id"": ""255""}"
obd,70.2307,0.01,2021-12-06 09:06:27.230700,"{""rpm"": 680.0}"
obd,71.1706,0.0106,2021-12-06 09:06:28.170600,"{""veh_speed"": 0}"
obd,71.1806,0.01,2021-12-06 09:06:28.180600,"{""aat"": 2}"
obd,71.1905,0.0099,2021-12-06 09:06:28.190500,"{""status"": ""unknown pid"", ""pid"": ""34"", ""address"": ""2024"", ""bus_id"": ""255""}"
obd,71.2006,0.0101,2021-12-06 09:06:28.200600,"{""e_load"": 27.059}"
obd,71.2105,0.0099,2021-12-06 09:06:28.210500,"{""c_temp"": 19}"
obd,71.2206,0.0101,2021-12-06 09:06:28.220600,"{""status"": ""unknown pid"", ""pid"": ""17"", ""address"": ""2024"", ""bus_id"": ""255""}"
obd,71.2305,0.0099,2021-12-06 09:06:28.230500,"{""rpm"": 675.5}"
obd,72.1704,0.0104,2021-12-06 09:06:29.170400,"{""veh_speed"": 0}"
obd,72.1805,0.0101,2021-12-06 09:06:29.180500,"{""aat"": 2}"
obd,72.1904,0.0099,2021-12-06 09:06:29.190400,"{""status"": ""unknown pid"", ""pid"": ""34"", ""address"": ""2024"", ""bus_id"": ""255""}"
obd,72.2005,0.0101,2021-12-06 09:06:29.200500,"{""e_load"": 26.275}"
obd,72.2104,0.0099,2021-12-06 09:06:29.210400,"{""c_temp"": 19}"
obd,72.2206,0.0102,2021-12-06 09:06:29.220600,"{""status"": ""unknown pid"", ""pid"": ""17"", ""address"": ""2024"", ""bus_id"": ""255""}"
obd,72.2304,0.0098,2021-12-06 09:06:29.230400,"{""rpm"": 665.5}"
obd,73.1703,0.0103,2021-12-06 09:06:30.170300,"{""veh_speed"": 0}"
obd,73.1804,0.0101,2021-12-06 09:06:30.180400,"{""aat"": 2}"
obd,73.1903,0.0099,2021-12-06 09:06:30.190300,"{""status"": ""unknown pid"", ""pid"": ""34"", ""address"": ""2024"", ""bus_id"": ""255""}"
obd,73.2004,0.0101,2021-12-06 09:06:30.200400,"{""e_load"": 25.49}"
obd,73.2105,0.0101,2021-12-06 09:06:30.210500,"{""c_temp"": 19}"
obd,73.2204,0.0099,2021-12-06 09:06:30.220400,"{""status"": ""unknown pid"", ""pid"": ""17"", ""address"": ""2024"", ""bus_id"": ""255""}"
obd,73.2303,0.0099,2021-12-06 09:06:30.230300,"{""rpm"": 680.5}"
obd,74.1703,0.0103,2021-12-06 09:06:31.170300,"{""veh_speed"": 0}"
obd,74.1805,0.0102,2021-12-06 09:06:31.180500,"{""aat"": 2}"
obd,74.1902,0.0097,2021-12-06 09:06:31.190200,"{""status"": ""unknown pid"", ""pid"": ""34"", ""address"": ""2024"", ""bus_id"": ""255""}"
obd,74.2003,0.0101,2021-12-06 09:06:31.200300,"{""e_load"": 24.706}"
obd,74.2102,0.0099,2021-12-06 09:06:31.210200,"{""c_temp"": 19}"
obd,74.2202,0.01,2021-12-06 09:06:31.220200,"{""status"": ""unknown pid"", ""pid"": ""17"", ""address"": ""2024"", ""bus_id"": ""255""}"
obd,74.2302,0.01,2021-12-06 09:06:31.230200,"{""rpm"": 690.5}"
obd,75.1704,0.0104,2021-12-06 09:06:32.170400,"{""veh_speed"": 0}"
obd,75.1804,0.01,2021-12-06 09:06:32.180400,"{""aat"": 2}"
obd,75.1904,0.01,2021-12-06 09:06:32.190400,"{""status"": ""unknown pid"", ""pid"": ""34"", ""address"": ""2024"", ""bus_id"": ""255""}"
obd,75.2003,0.0099,2021-12-06 09:06:32.200300,"{""e_load"": 27.451}"
obd,75.2103,0.01,2021-12-06 09:06:32.210300,"{""c_temp"": 19}"
obd,75.2206,0.0103,2021-12-06 09:06:32.220600,"{""status"": ""unknown pid"", ""pid"": ""17"", ""address"": ""2024"", ""bus_id"": ""255""}"
obd,75.2303,0.0097,2021-12-06 09:06:32.230300,"{""rpm"": 681.0}"
obd,76.1701,0.0101,2021-12-06 09:06:33.170100,"{""veh_speed"": 0}"
obd,76.1803,0.0102,2021-12-06 09:06:33.180300,"{""aat"": 2}"
obd,76.1901,0.0098,2021-12-06 09:06:33.190100,"{""status"": ""unknown pid"", ""pid"": ""34"", ""address"": ""2024"", ""bus_id"": ""255""}"
obd,76.2003,0.0102,2021-12-06 09:06:33.200300,"{""e_load"": 25.49}"
obd,76.2101,0.0098,2021-12-06 09:06:33.210100,"{""c_temp"": 19}"
obd,76.2207,0.0106,2021-12-06 09:06:33.220700,"{""status"": ""unknown pid"", ""pid"": ""17"", ""address"": ""2024"", ""bus_id"": ""255""}"
obd,76.2301,0.0094,2021-12-06 09:06:33.230100,"{""rpm"": 684.5}"
obd,77.17,0.01,2021-12-06 09:06:34.170000,"{""veh_speed"": 0}"
obd,77.18,0.01,2021-12-06 09:06:34.180000,"{""aat"": 2}"
obd,77.19,0.01,2021-12-06 09:06:34.190000,"{""status"": ""unknown pid"", ""pid"": ""34"", ""address"": ""2024"", ""bus_id"": ""255""}"
obd,77.2,0.01,2021-12-06 09:06:34.200000,"{""e_load"": 26.275}"
obd,77.21,0.01,2021-12-06 09:06:34.210000,"{""c_temp"": 19}"
obd,77.2202,0.0102,2021-12-06 09:06:34.220200,"{""status"": ""unknown pid"", ""pid"": ""17"", ""address"": ""2024"", ""bus_id"": ""255""}"
obd,77.23,0.0098,2021-12-06 09:06:34.230000,"{""rpm"": 667.0}"
obd,78.17,0.01,2021-12-06 09:06:35.170000,"{""veh_speed"": 0}"
obd,78.18,0.01,2021-12-06 09:06:35.180000,"{""aat"": 2}"
obd,78.19,0.01,2021-12-06 09:06:35.190000,"{""status"": ""unknown pid"", ""pid"": ""34"", ""address"": ""2024"", ""bus_id"": ""255""}"
obd,78.2,0.01,2021-12-06 09:06:35.200000,"{""e_load"": 26.667}"
obd,78.21,0.01,2021-12-06 09:06:35.210000,"{""c_temp"": 19}"
obd,78.2203,0.0103,2021-12-06 09:06:35.220300,"{""status"": ""unknown pid"", ""pid"": ""17"", ""address"": ""2024"", ""bus_id"": ""255""}"
obd,78.23,0.0097,2021-12-06 09:06:35.230000,"{""rpm"": 678.0}"
obd,79.1699,0.0099,2021-12-06 09:06:36.169900,"{""veh_speed"": 0}"
obd,79.18,0.0101,2021-12-06 09:06:36.180000,"{""aat"": 2}"
obd,79.1899,0.0099,2021-12-06 09:06:36.189900,"{""status"": ""unknown pid"", ""pid"": ""34"", ""address"": ""2024"", ""bus_id"": ""255""}"
obd,79.2,0.0101,2021-12-06 09:06:36.200000,"{""e_load"": 26.275}"
obd,79.2098,0.0098,2021-12-06 09:06:36.209800,"{""c_temp"": 19}"
obd,79.2203,0.0105,2021-12-06 09:06:36.220300,"{""status"": ""unknown pid"", ""pid"": ""17"", ""address"": ""2024"", ""bus_id"": ""255""}"
obd,79.2298,0.0095,2021-12-06 09:06:36.229800,"{""rpm"": 680.5}"
obd,80.1699,0.0099,2021-12-06 09:06:37.169900,"{""veh_speed"": 0}"
obd,80.18,0.0101,2021-12-06 09:06:37.180000,"{""aat"": 2}"
obd,80.1898,0.0098,2021-12-06 09:06:37.189800,"{""status"": ""unknown pid"", ""pid"": ""34"", ""address"": ""2024"", ""bus_id"": ""255""}"
obd,80.2,0.0102,2021-12-06 09:06:37.200000,"{""e_load"": 25.098}"
obd,80.2098,0.0098,2021-12-06 09:06:37.209800,"{""c_temp"": 19}"
obd,80.2204,0.0106,2021-12-06 09:06:37.220400,"{""status"": ""unknown pid"", ""pid"": ""17"", ""address"": ""2024"", ""bus_id"": ""255""}"
obd,80.2298,0.0094,2021-12-06 09:06:37.229800,"{""rpm"": 686.5}"
obd,81.1696,0.0096,2021-12-06 09:06:38.169600,"{""veh_speed"": 0}"
obd,81.1798,0.0102,2021-12-06 09:06:38.179800,"{""aat"": 2}"
obd,81.1901,0.0103,2021-12-06 09:06:38.190100,"{""status"": ""unknown pid"", ""pid"": ""34"", ""address"": ""2024"", ""bus_id"": ""255""}"
obd,81.1999,0.0098,2021-12-06 09:06:38.199900,"{""e_load"": 25.098}"
obd,81.2096,0.0097,2021-12-06 09:06:38.209600,"{""c_temp"": 19}"
obd,81.2201,0.0105,2021-12-06 09:06:38.220100,"{""status"": ""unknown pid"", ""pid"": ""17"", ""address"": ""2024"", ""bus_id"": ""255""}"
obd,81.2296,0.0095,2021-12-06 09:06:38.229600,"{""rpm"": 679.5}"
obd,82.1696,0.0096,2021-12-06 09:06:39.169600,"{""veh_speed"": 0}"
obd,82.1799,0.0103,2021-12-06 09:06:39.179900,"{""aat"": 2}"
obd,82.1896,0.0097,2021-12-06 09:06:39.189600,"{""status"": ""unknown pid"", ""pid"": ""34"", ""address"": ""2024"", ""bus_id"": ""255""}"
obd,82.2,0.0104,2021-12-06 09:06:39.200000,"{""e_load"": 24.706}"
obd,82.2096,0.0096,2021-12-06 09:06:39.209600,"{""c_temp"": 19}"
obd,82.2202,0.0106,2021-12-06 09:06:39.220200,"{""status"": ""unknown pid"", ""pid"": ""17"", ""address"": ""2024"", ""bus_id"": ""255""}"
obd,82.2296,0.0094,2021-12-06 09:06:39.229600,"{""rpm"": 688.5}"
obd,83.1695,0.0095,2021-12-06 09:06:40.169500,"{""veh_speed"": 0}"
obd,83.1799,0.0104,2021-12-06 09:06:40.179900,"{""aat"": 2}"
obd,83.1895,0.0096,2021-12-06 09:06:40.189500,"{""status"": ""unknown pid"", ""pid"": ""34"", ""address"": ""2024"", ""bus_id"": ""255""}"
obd,83.1999,0.0104,2021-12-06 09:06:40.199900,"{""e_load"": 25.882}"
obd,83.2095,0.0096,2021-12-06 09:06:40.209500,"{""c_temp"": 19}"
obd,83.2201,0.0106,2021-12-06 09:06:40.220100,"{""status"": ""unknown pid"", ""pid"": ""17"", ""address"": ""2024"", ""bus_id"": ""255""}"
obd,83.2295,0.0094,2021-12-06 09:06:40.229500,"{""rpm"": 671.0}"
obd,84.1694,0.0094,2021-12-06 09:06:41.169400,"{""veh_speed"": 0}"
obd,84.1799,0.0105,2021-12-06 09:06:41.179900,"{""aat"": 2}"
obd,84.1898,0.0099,2021-12-06 09:06:41.189800,"{""status"": ""unknown pid"", ""pid"": ""34"", ""address"": ""2024"", ""bus_id"": ""255""}"
obd,84.1998,0.01,2021-12-06 09:06:41.199800,"{""e_load"": 25.098}"
obd,84.2094,0.0096,2021-12-06 09:06:41.209400,"{""c_temp"": 19}"
obd,84.22,0.0106,2021-12-06 09:06:41.220000,"{""status"": ""unknown pid"", ""pid"": ""17"", ""address"": ""2024"", ""bus_id"": ""255""}"
obd,84.2294,0.0094,2021-12-06 09:06:41.229400,"{""rpm"": 683.5}"
obd,85.1693,0.0093,2021-12-06 09:06:42.169300,"{""veh_speed"": 0}"
obd,85.18,0.0107,2021-12-06 09:06:42.180000,"{""aat"": 2}"
obd,85.1897,0.0097,2021-12-06 09:06:42.189700,"{""status"": ""unknown pid"", ""pid"": ""34"", ""address"": ""2024"", ""bus_id"": ""255""}"
obd,85.2,0.0103,2021-12-06 09:06:42.200000,"{""e_load"": 25.098}"
obd,85.2093,0.0093,2021-12-06 09:06:42.209300,"{""c_temp"": 19}"
obd,85.2203,0.011,2021-12-06 09:06:42.220300,"{""status"": ""unknown pid"", ""pid"": ""17"", ""address"": ""2024"", ""bus_id"": ""255""}"
obd,85.2294,0.0091,2021-12-06 09:06:42.229400,"{""rpm"": 687.5}"
obd,86.1693,0.0093,2021-12-06 09:06:43.169300,"{""veh_speed"": 0}"
obd,86.1801,0.0108,2021-12-06 09:06:43.180100,"{""aat"": 2}"
obd,86.1893,0.0092,2021-12-06 09:06:43.189300,"{""status"": ""unknown pid"", ""pid"": ""34"", ""address"": ""2024"", ""bus_id"": ""255""}"
obd,86.2001,0.0108,2021-12-06 09:06:43.200100,"{""e_load"": 26.667}"
obd,86.2093,0.0092,2021-12-06 09:06:43.209300,"{""c_temp"": 19}"
obd,86.2203,0.011,2021-12-06 09:06:43.220300,"{""status"": ""unknown pid"", ""pid"": ""17"", ""address"": ""2024"", ""bus_id"": ""255""}"
obd,86.2293,0.009,2021-12-06 09:06:43.229300,"{""rpm"": 678.0}"
obd,87.1692,0.0092,2021-12-06 09:06:44.169200,"{""veh_speed"": 0}"
obd,87.1798,0.0106,2021-12-06 09:06:44.179800,"{""aat"": 2}"
obd,87.1892,0.0094,2021-12-06 09:06:44.189200,"{""status"": ""unknown pid"", ""pid"": ""34"", ""address"": ""2024"", ""bus_id"": ""255""}"
obd,87.1998,0.0106,2021-12-06 09:06:44.199800,"{""e_load"": 24.314}"
obd,87.2092,0.0094,2021-12-06 09:06:44.209200,"{""c_temp"": 19}"
obd,87.22,0.0108,2021-12-06 09:06:44.220000,"{""status"": ""unknown pid"", ""pid"": ""17"", ""address"": ""2024"", ""bus_id"": ""255""}"
obd,87.2292,0.0092,2021-12-06 09:06:44.229200,"{""rpm"": 696.5}"
obd,88.1691,0.0091,2021-12-06 09:06:45.169100,"{""status"": ""unknown pid"", ""pid"": ""34"", ""address"": ""2024"", ""bus_id"": ""255""}"
obd,88.26,0.0,2021-12-06 09:06:45.260000,"{""status"": ""unknown pid"", ""pid"": ""34"", ""address"": ""2024"", ""bus_id"": ""255""}"
obd,88.36,0.0,2021-12-06 09:06:45.360000,"{""fli"": 30.98}"
obd,88.3741,0.0141,2021-12-06 09:06:45.374100,"{""odometer_km"": 148416.392}"
obd,88.4491,0.075,2021-12-06 09:06:45.449100,"{""veh_speed"": 0}"
obd,88.46,0.0,2021-12-06 09:06:45.460000,"{""aat"": 2}"
obd,88.469,0.009,2021-12-06 09:06:45.469000,"{""status"": ""unknown pid"", ""pid"": ""34"", ""address"": ""2024"", ""bus_id"": ""255""}"
obd,88.4797,0.0107,2021-12-06 09:06:45.479700,"{""e_load"": 24.706}"
obd,88.4889,0.0092,2021-12-06 09:06:45.488900,"{""c_temp"": 19}"
obd,88.5,0.0111,2021-12-06 09:06:45.500000,"{""status"": ""unknown pid"", ""pid"": ""17"", ""address"": ""2024"", ""bus_id"": ""255""}"
obd,88.509,0.009,2021-12-06 09:06:45.509000,"{""rpm"": 686.0}"
obd,89.169,0.009,2021-12-06 09:06:46.169000,"{""veh_speed"": 0}"
obd,89.1799,0.0109,2021-12-06 09:06:46.179900,"{""aat"": 2}"
obd,89.189,0.0091,2021-12-06 09:06:46.189000,"{""status"": ""unknown pid"", ""pid"": ""34"", ""address"": ""2024"", ""bus_id"": ""255""}"
obd,89.1999,0.0109,2021-12-06 09:06:46.199900,"{""e_load"": 26.275}"
obd,89.2094,0.0095,2021-12-06 09:06:46.209400,"{""c_temp"": 19}"
obd,89.221,0.0116,2021-12-06 09:06:46.221000,"{""status"": ""unknown pid"", ""pid"": ""17"", ""address"": ""2024"", ""bus_id"": ""255""}"
obd,89.2292,0.0082,2021-12-06 09:06:46.229200,"{""rpm"": 668.0}"
obd,90.169,0.006,2021-12-06 09:06:47.169000,"{""veh_speed"": 0}"
obd,90.1806,0.0116,2021-12-06 09:06:47.180600,"{""aat"": 2}"
obd,90.1889,0.0083,2021-12-06 09:06:47.188900,"{""status"": ""unknown pid"", ""pid"": ""34"", ""address"": ""2024"", ""bus_id"": ""255""}"
obd,90.2,0.0111,2021-12-06 09:06:47.200000,"{""e_load"": 27.059}"
obd,90.2089,0.0089,2021-12-06 09:06:47.208900,"{""c_temp"": 19}"
obd,90.2211,0.0122,2021-12-06 09:06:47.221100,"{""status"": ""unknown pid"", ""pid"": ""17"", ""address"": ""2024"", ""bus_id"": ""255""}"
obd,90.229,0.0079,2021-12-06 09:06:47.229000,"{""rpm"": 672.0}"
obd,91.1689,0.0089,2021-12-06 09:06:48.168900,"{""veh_speed"": 0}"
obd,91.1798,0.0109,2021-12-06 09:06:48.179800,"{""aat"": 2}"
obd,91.1888,0.009,2021-12-06 09:06:48.188800,"{""status"": ""unknown pid"", ""pid"": ""34"", ""address"": ""2024"", ""bus_id"": ""255""}"
obd,91.1997,0.0109,2021-12-06 09:06:48.199700,"{""e_load"": 26.667}"
obd,91.2088,0.0091,2021-12-06 09:06:48.208800,"{""c_temp"": 19}"
obd,91.22,0.0112,2021-12-06 09:06:48.220000,"{""status"": ""unknown pid"", ""pid"": ""17"", ""address"": ""2024"", ""bus_id"": ""255""}"
obd,91.2288,0.0088,2021-12-06 09:06:48.228800,"{""rpm"": 663.5}"
obd,92.1687,0.0087,2021-12-06 09:06:49.168700,"{""veh_speed"": 0}"
obd,92.1797,0.011,2021-12-06 09:06:49.179700,"{""aat"": 2}"
obd,92.1887,0.009,2021-12-06 09:06:49.188700,"{""status"": ""unknown pid"", ""pid"": ""34"", ""address"": ""2024"", ""bus_id"": ""255""}"
obd,92.1997,0.011,2021-12-06 09:06:49.199700,"{""e_load"": 26.667}"
obd,92.2087,0.009,2021-12-06 09:06:49.208700,"{""c_temp"": 19}"
obd,92.22,0.0113,2021-12-06 09:06:49.220000,"{""status"": ""unknown pid"", ""pid"": ""17"", ""address"": ""2024"", ""bus_id"": ""255""}"
obd,92.2287,0.0087,2021-12-06 09:06:49.228700,"{""rpm"": 682.0}"
obd,93.1686,0.0086,2021-12-06 09:06:50.168600,"{""veh_speed"": 0}"
obd,93.1796,0.011,2021-12-06 09:06:50.179600,"{""aat"": 2}"
obd,93.1886,0.009,2021-12-06 09:06:50.188600,"{""status"": ""unknown pid"", ""pid"": ""34"", ""address"": ""2024"", ""bus_id"": ""255""}"
obd,93.1996,0.011,2021-12-06 09:06:50.199600,"{""e_load"": 25.098}"
obd,93.2086,0.009,2021-12-06 09:06:50.208600,"{""c_temp"": 19}"
obd,93.2211,0.0125,2021-12-06 09:06:50.221100,"{""status"": ""unknown pid"", ""pid"": ""17"", ""address"": ""2024"", ""bus_id"": ""255""}"
obd,93.2287,0.0076,2021-12-06 09:06:50.228700,"{""rpm"": 691.5}"
obd,94.1686,0.0086,2021-12-06 09:06:51.168600,"{""veh_speed"": 0}"
obd,94.1806,0.012,2021-12-06 09:06:51.180600,"{""aat"": 2}"
obd,94.1889,0.0083,2021-12-06 09:06:51.188900,"{""status"": ""unknown pid"", ""pid"": ""34"", ""address"": ""2024"", ""bus_id"": ""255""}"
obd,94.2006,0.0117,2021-12-06 09:06:51.200600,"{""e_load"": 24.706}"
obd,94.2086,0.008,2021-12-06 09:06:51.208600,"{""c_temp"": 20}"
obd,94.2211,0.0125,2021-12-06 09:06:51.221100,"{""status"": ""unknown pid"", ""pid"": ""17"", ""address"": ""2024"", ""bus_id"": ""255""}"
obd,94.2286,0.0075,2021-12-06 09:06:51.228600,"{""rpm"": 680.5}"
obd,95.1685,0.0085,2021-12-06 09:06:52.168500,"{""veh_speed"": 0}"
obd,95.1806,0.0121,2021-12-06 09:06:52.180600,"{""aat"": 2}"
obd,95.1885,0.0079,2021-12-06 09:06:52.188500,"{""status"": ""unknown pid"", ""pid"": ""34"", ""address"": ""2024"", ""bus_id"": ""255""}"
obd,95.2006,0.0121,2021-12-06 09:06:52.200600,"{""e_load"": 25.49}"
obd,95.2085,0.0079,2021-12-06 09:06:52.208500,"{""c_temp"": 20}"
obd,95.2211,0.0126,2021-12-06 09:06:52.221100,"{""status"": ""unknown pid"", ""pid"": ""17"", ""address"": ""2024"", ""bus_id"": ""255""}"
obd,95.2285,0.0074,2021-12-06 09:06:52.228500,"{""rpm"": 688.0}"
obd,96.1684,0.0084,2021-12-06 09:06:53.168400,"{""veh_speed"": 0}"
obd,96.1803,0.0119,2021-12-06 09:06:53.180300,"{""aat"": 2}"
obd,96.1884,0.0081,2021-12-06 09:06:53.188400,"{""status"": ""unknown pid"", ""pid"": ""34"", ""address"": ""2024"", ""bus_id"": ""255""}"
obd,96.2003,0.0119,2021-12-06 09:06:53.200300,"{""e_load"": 27.059}"
obd,96.2084,0.0081,2021-12-06 09:06:53.208400,"{""c_temp"": 20}"
obd,96.2208,0.0124,2021-12-06 09:06:53.220800,"{""status"": ""unknown pid"", ""pid"": ""17"", ""address"": ""2024"", ""bus_id"": ""255""}"
obd,96.2284,0.0076,2021-12-06 09:06:53.228400,"{""rpm"": 676.0}"
obd,97.1683,0.0083,2021-12-06 09:06:54.168300,"{""veh_speed"": 0}"
obd,97.1803,0.012,2021-12-06 09:06:54.180300,"{""aat"": 2}"
obd,97.1882,0.0079,2021-12-06 09:06:54.188200,"{""status"": ""unknown pid"", ""pid"": ""34"", ""address"": ""2024"", ""bus_id"": ""255""}"
obd,97.2003,0.0121,2021-12-06 09:06:54.200300,"{""e_load"": 27.059}"
obd,97.2082,0.0079,2021-12-06 09:06:54.208200,"{""c_temp"": 20}"
obd,97.2208,0.0126,2021-12-06 09:06:54.220800,"{""status"": ""unknown pid"", ""pid"": ""17"", ""address"": ""2024"", ""bus_id"": ""255""}"
obd,97.2283,0.0075,2021-12-06 09:06:54.228300,"{""rpm"": 667.0}"
obd,98.1683,0.0083,2021-12-06 09:06:55.168300,"{""veh_speed"": 0}"
obd,98.1803,0.012,2021-12-06 09:06:55.180300,"{""aat"": 2}"
obd,98.1882,0.0079,2021-12-06 09:06:55.188200,"{""status"": ""unknown pid"", ""pid"": ""34"", ""address"": ""2024"", ""bus_id"": ""255""}"
obd,98.2003,0.0121,2021-12-06 09:06:55.200300,"{""e_load"": 24.706}"
obd,98.2082,0.0079,2021-12-06 09:06:55.208200,"{""c_temp"": 20}"
obd,98.2209,0.0127,2021-12-06 09:06:55.220900,"{""status"": ""unknown pid"", ""pid"": ""17"", ""address"": ""2024"", ""bus_id"": ""255""}"
obd,98.2282,0.0073,2021-12-06 09:06:55.228200,"{""rpm"": 686.5}"
obd,99.1682,0.0082,2021-12-06 09:06:56.168200,"{""veh_speed"": 0}"
obd,99.1803,0.0121,2021-12-06 09:06:56.180300,"{""aat"": 2}"
obd,99.1881,0.0078,2021-12-06 09:06:56.188100,"{""status"": ""unknown pid"", ""pid"": ""34"", ""address"": ""2024"", ""bus_id"": ""255""}"
obd,99.2002,0.0121,2021-12-06 09:06:56.200200,"{""e_load"": 25.098}"
obd,99.2081,0.0079,2021-12-06 09:06:56.208100,"{""c_temp"": 20}"
obd,99.2207,0.0126,2021-12-06 09:06:56.220700,"{""status"": ""unknown pid"", ""pid"": ""17"", ""address"": ""2024"", ""bus_id"": ""255""}"
obd,99.2281,0.0074,2021-12-06 09:06:56.228100,"{""rpm"": 678.5}"
obd,100.1681,0.0081,2021-12-06 09:06:57.168100,"{""veh_speed"": 0}"
obd,100.1806,0.0125,2021-12-06 09:06:57.180600,"{""aat"": 2}"
obd,100.188,0.0074,2021-12-06 09:06:57.188000,"{""status"": ""unknown pid"", ""pid"": ""34"", ""address"": ""2024"", ""bus_id"": ""255""}"
obd,100.2002,0.0122,2021-12-06 09:06:57.200200,"{""e_load"": 24.706}"
obd,100.208,0.0078,2021-12-06 09:06:57.208000,"{""c_temp"": 20}"
obd,100.2207,0.0127,2021-12-06 09:06:57.220700,"{""status"": ""unknown pid"", ""pid"": ""17"", ""address"": ""2024"", ""bus_id"": ""255""}"
obd,100.228,0.0073,2021-12-06 09:06:57.228000,"{""rpm"": 683.5}"
obd,101.1679,0.0079,2021-12-06 09:06:58.167900,"{""veh_speed"": 0}"
obd,101.1802,0.0109,2021-12-06 09:06:58.180200,"{""aat"": 2}"
obd,101.1879,0.0077,2021-12-06 09:06:58.187900,"{""status"": ""unknown pid"", ""pid"": ""34"", ""address"": ""2024"", ""bus_id"": ""255""}"
obd,101.2001,0.0122,2021-12-06 09:06:58.200100,"{""e_load"": 25.49}"
obd,101.2079,0.0078,2021-12-06 09:06:58.207900,"{""c_temp"": 20}"
obd,101.2207,0.0128,2021-12-06 09:06:58.220700,"{""status"": ""unknown pid"", ""pid"": ""17"", ""address"": ""2024"", ""bus_id"": ""255""}"
obd,101.2279,0.0072,2021-12-06 09:06:58.227900,"{""rpm"": 679.0}"
obd,102.1679,0.0069,2021-12-06 09:06:59.167900,"{""veh_speed"": 0}"
obd,102.1805,0.0126,2021-12-06 09:06:59.180500,"{""aat"": 2}"
obd,102.1879,0.0074,2021-12-06 09:06:59.187900,"{""status"": ""unknown pid"", ""pid"": ""34"", ""address"": ""2024"", ""bus_id"": ""255""}"
obd,102.2004,0.0125,2021-12-06 09:06:59.200400,"{""e_load"": 24.706}"
obd,102.2079,0.0075,2021-12-06 09:06:59.207900,"{""c_temp"": 20}"
obd,102.221,0.0131,2021-12-06 09:06:59.221000,"{""status"": ""unknown pid"", ""pid"": ""17"", ""address"": ""2024"", ""bus_id"": ""255""}"
obd,102.2279,0.0069,2021-12-06 09:06:59.227900,"{""rpm"": 677.0}"
obd,103.1678,0.0078,2021-12-06 09:07:00.167800,"{""veh_speed"": 0}"
obd,103.1804,0.0126,2021-12-06 09:07:00.180400,"{""aat"": 2}"
obd,103.1879,0.0075,2021-12-06 09:07:00.187900,"{""status"": ""unknown pid"", ""pid"": ""34"", ""address"": ""2024"", ""bus_id"": ""255""}"
obd,103.2004,0.0125,2021-12-06 09:07:00.200400,"{""e_load"": 25.49}"
obd,103.2078,0.0074,2021-12-06 09:07:00.207800,"{""c_temp"": 20}"
obd,103.2209,0.0131,2021-12-06 09:07:00.220900,"{""status"": ""unknown pid"", ""pid"": ""17"", ""address"": ""2024"", ""bus_id"": ""255""}"
obd,103.2278,0.0069,2021-12-06 09:07:00.227800,"{""rpm"": 676.5}"
obd,104.1677,0.0077,2021-12-06 09:07:01.167700,"{""veh_speed"": 0}"
obd,104.1806,0.0129,2021-12-06 09:07:01.180600,"{""aat"": 2}"
obd,104.1877,0.0071,2021-12-06 09:07:01.187700,"{""status"": ""unknown pid"", ""pid"": ""34"", ""address"": ""2024"", ""bus_id"": ""255""}"
obd,104.2003,0.0126,2021-12-06 09:07:01.200300,"{""e_load"": 24.706}"
obd,104.2077,0.0074,2021-12-06 09:07:01.207700,"{""c_temp"": 20}"
obd,104.2208,0.0131,2021-12-06 09:07:01.220800,"{""status"": ""unknown pid"", ""pid"": ""17"", ""address"": ""2024"", ""bus_id"": ""255""}"
obd,104.2277,0.0069,2021-12-06 09:07:01.227700,"{""rpm"": 686.0}"
obd,105.1676,0.0076,2021-12-06 09:07:02.167600,"{""veh_speed"": 0}"
obd,105.18,0.0124,2021-12-06 09:07:02.180000,"{""aat"": 2}"
obd,105.1876,0.0076,2021-12-06 09:07:02.187600,"{""status"": ""unknown pid"", ""pid"": ""34"", ""address"": ""2024"", ""bus_id"": ""255""}"
obd,105.2001,0.0125,2021-12-06 09:07:02.200100,"{""e_load"": 24.706}"
obd,105.2076,0.0075,2021-12-06 09:07:02.207600,"{""c_temp"": 20}"
obd,105.2206,0.013,2021-12-06 09:07:02.220600,"{""status"": ""unknown pid"", ""pid"": ""17"", ""address"": ""2024"", ""bus_id"": ""255""}"
obd,105.2276,0.007,2021-12-06 09:07:02.227600,"{""rpm"": 689.5}"
obd,106.1676,0.0076,2021-12-06 09:07:03.167600,"{""veh_speed"": 0}"
obd,106.1801,0.0125,2021-12-06 09:07:03.180100,"{""aat"": 2}"
obd,106.1876,0.0075,2021-12-06 09:07:03.187600,"{""status"": ""unknown pid"", ""pid"": ""34"", ""address"": ""2024"", ""bus_id"": ""255""}"
obd,106.2001,0.0125,2021-12-06 09:07:03.200100,"{""e_load"": 24.314}"
obd,106.2075,0.0074,2021-12-06 09:07:03.207500,"{""c_temp"": 20}"
obd,106.2206,0.0131,2021-12-06 09:07:03.220600,"{""status"": ""unknown pid"", ""pid"": ""17"", ""address"": ""2024"", ""bus_id"": ""255""}"
obd,106.2276,0.007,2021-12-06 09:07:03.227600,"{""rpm"": 687.0}"
obd,107.1675,0.0065,2021-12-06 09:07:04.167500,"{""veh_speed"": 0}"
obd,107.1775,0.01,2021-12-06 09:07:04.177500,"{""aat"": 2}"
obd,107.1876,0.0101,2021-12-06 09:07:04.187600,"{""status"": ""unknown pid"", ""pid"": ""34"", ""address"": ""2024"", ""bus_id"": ""255""}"
obd,107.1975,0.0099,2021-12-06 09:07:04.197500,"{""e_load"": 26.275}"
obd,107.2075,0.01,2021-12-06 09:07:04.207500,"{""c_temp"": 20}"
obd,107.2174,0.0099,2021-12-06 09:07:04.217400,"{""status"": ""unknown pid"", ""pid"": ""17"", ""address"": ""2024"", ""bus_id"": ""255""}"
obd,107.2275,0.0101,2021-12-06 09:07:04.227500,"{""rpm"": 672.5}"
obd,108.1674,0.0074,2021-12-06 09:07:05.167400,"{""veh_speed"": 0}"
obd,108.1773,0.0099,2021-12-06 09:07:05.177300,"{""aat"": 2}"
obd,108.1874,0.0101,2021-12-06 09:07:05.187400,"{""status"": ""unknown pid"", ""pid"": ""34"", ""address"": ""2024"", ""bus_id"": ""255""}"
obd,108.1973,0.0099,2021-12-06 09:07:05.197300,"{""e_load"": 24.706}"
obd,108.2073,0.01,2021-12-06 09:07:05.207300,"{""c_temp"": 20}"
obd,108.2173,0.01,2021-12-06 09:07:05.217300,"{""status"": ""unknown pid"", ""pid"": ""17"", ""address"": ""2024"", ""bus_id"": ""255""}"
obd,108.2273,0.01,2021-12-06 09:07:05.227300,"{""rpm"": 693.0}"
obd,109.1672,0.0072,2021-12-06 09:07:06.167200,"{""veh_speed"": 0}"
obd,109.1772,0.01,2021-12-06 09:07:06.177200,"{""aat"": 2}"
obd,109.1873,0.0101,2021-12-06 09:07:06.187300,"{""status"": ""unknown pid"", ""pid"": ""34"", ""address"": ""2024"", ""bus_id"": ""255""}"
obd,109.2003,0.013,2021-12-06 09:07:06.200300,"{""e_load"": 23.529}"
obd,109.2072,0.0069,2021-12-06 09:07:06.207200,"{""c_temp"": 20}"
obd,109.2172,0.01,2021-12-06 09:07:06.217200,"{""status"": ""unknown pid"", ""pid"": ""17"", ""address"": ""2024"", ""bus_id"": ""255""}"
obd,109.2272,0.01,2021-12-06 09:07:06.227200,"{""rpm"": 691.0}"
obd,110.1672,0.0072,2021-12-06 09:07:07.167200,"{""veh_speed"": 0}"
obd,110.1772,0.01,2021-12-06 09:07:07.177200,"{""aat"": 2}"
obd,110.1872,0.01,2021-12-06 09:07:07.187200,"{""status"": ""unknown pid"", ""pid"": ""34"", ""address"": ""2024"", ""bus_id"": ""255""}"
obd,110.1972,0.01,2021-12-06 09:07:07.197200,"{""e_load"": 27.843}"
obd,110.2072,0.01,2021-12-06 09:07:07.207200,"{""c_temp"": 20}"
obd,110.2172,0.01,2021-12-06 09:07:07.217200,"{""status"": ""unknown pid"", ""pid"": ""17"", ""address"": ""2024"", ""bus_id"": ""255""}"
obd,110.2272,0.01,2021-12-06 09:07:07.227200,"{""rpm"": 666.5}"
obd,111.1671,0.0071,2021-12-06 09:07:08.167100,"{""veh_speed"": 0}"
obd,111.1771,0.01,2021-12-06 09:07:08.177100,"{""aat"": 2}"
obd,111.1871,0.01,2021-12-06 09:07:08.187100,"{""status"": ""unknown pid"", ""pid"": ""34"", ""address"": ""2024"", ""bus_id"": ""255""}"
obd,111.1971,0.01,2021-12-06 09:07:08.197100,"{""e_load"": 23.137}"
obd,111.2071,0.01,2021-12-06 09:07:08.207100,"{""c_temp"": 20}"
obd,111.2171,0.01,2021-12-06 09:07:08.217100,"{""status"": ""unknown pid"", ""pid"": ""17"", ""address"": ""2024"", ""bus_id"": ""255""}"
obd,111.2271,0.01,2021-12-06 09:07:08.227100,"{""rpm"": 692.5}"
obd,112.1669,0.0069,2021-12-06 09:07:09.166900,"{""veh_speed"": 0}"
obd,112.177,0.0101,2021-12-06 09:07:09.177000,"{""aat"": 2}"
obd,112.1874,0.0104,2021-12-06 09:07:09.187400,"{""status"": ""unknown pid"", ""pid"": ""34"", ""address"": ""2024"", ""bus_id"": ""255""}"
obd,112.197,0.0096,2021-12-06 09:07:09.197000,"{""e_load"": 26.667}"
obd,112.207,0.01,2021-12-06 09:07:09.207000,"{""c_temp"": 20}"
obd,112.2169,0.0099,2021-12-06 09:07:09.216900,"{""status"": ""unknown pid"", ""pid"": ""17"", ""address"": ""2024"", ""bus_id"": ""255""}"
obd,112.227,0.0101,2021-12-06 09:07:09.227000,"{""rpm"": 686.0}"
obd,113.1669,0.0069,2021-12-06 09:07:10.166900,"{""veh_speed"": 0}"
obd,113.1769,0.01,2021-12-06 09:07:10.176900,"{""aat"": 2}"
obd,113.1869,0.01,2021-12-06 09:07:10.186900,"{""status"": ""unknown pid"", ""pid"": ""34"", ""address"": ""2024"", ""bus_id"": ""255""}"
obd,113.1969,0.01,2021-12-06 09:07:10.196900,"{""e_load"": 24.706}"
obd,113.2069,0.01,2021-12-06 09:07:10.206900,"{""c_temp"": 20}"
obd,113.2169,0.01,2021-12-06 09:07:10.216900,"{""status"": ""unknown pid"", ""pid"": ""17"", ""address"": ""2024"", ""bus_id"": ""255""}"
obd,113.2269,0.01,2021-12-06 09:07:10.226900,"{""rpm"": 679.5}"
obd,114.1669,0.0069,2021-12-06 09:07:11.166900,"{""veh_speed"": 0}"
obd,114.1769,0.01,2021-12-06 09:07:11.176900,"{""aat"": 2}"
obd,114.1869,0.01,2021-12-06 09:07:11.186900,"{""status"": ""unknown pid"", ""pid"": ""34"", ""address"": ""2024"", ""bus_id"": ""255""}"
obd,114.1968,0.0099,2021-12-06 09:07:11.196800,"{""e_load"": 24.706}"
obd,114.2071,0.0103,2021-12-06 09:07:11.207100,"{""c_temp"": 20}"
obd,114.2171,0.01,2021-12-06 09:07:11.217100,"{""status"": ""unknown pid"", ""pid"": ""17"", ""address"": ""2024"", ""bus_id"": ""255""}"
obd,114.2271,0.01,2021-12-06 09:07:11.227100,"{""rpm"": 677.5}"
obd,115.1668,0.0068,2021-12-06 09:07:12.166800,"{""veh_speed"": 0}"
obd,115.1767,0.0099,2021-12-06 09:07:12.176700,"{""aat"": 2}"
obd,115.1867,0.01,2021-12-06 09:07:12.186700,"{""status"": ""unknown pid"", ""pid"": ""34"", ""address"": ""2024"", ""bus_id"": ""255""}"
obd,115.1967,0.01,2021-12-06 09:07:12.196700,"{""e_load"": 22.745}"
obd,115.2067,0.01,2021-12-06 09:07:12.206700,"{""c_temp"": 20}"
obd,115.2167,0.01,2021-12-06 09:07:12.216700,"{""status"": ""unknown pid"", ""pid"": ""17"", ""address"": ""2024"", ""bus_id"": ""255""}"
obd,115.2267,0.01,2021-12-06 09:07:12.226700,"{""rpm"": 689.0}"
obd,116.1666,0.0066,2021-12-06 09:07:13.166600,"{""veh_speed"": 0}"
obd,116.1766,0.01,2021-12-06 09:07:13.176600,"{""aat"": 2}"
obd,116.1867,0.0101,2021-12-06 09:07:13.186700,"{""status"": ""unknown pid"", ""pid"": ""34"", ""address"": ""2024"", ""bus_id"": ""255""}"
obd,116.1966,0.0099,2021-12-06 09:07:13.196600,"{""e_load"": 24.706}"
obd,116.2066,0.01,2021-12-06 09:07:13.206600,"{""c_temp"": 20}"
obd,116.2166,0.01,2021-12-06 09:07:13.216600,"{""status"": ""unknown pid"", ""pid"": ""17"", ""address"": ""2024"", ""bus_id"": ""255""}"
obd,116.2266,0.01,2021-12-06 09:07:13.226600,"{""rpm"": 686.0}"
obd,117.1665,0.0065,2021-12-06 09:07:14.166500,"{""veh_speed"": 0}"
obd,117.1765,0.01,2021-12-06 09:07:14.176500,"{""aat"": 2}"
obd,117.1865,0.01,2021-12-06 09:07:14.186500,"{""status"": ""unknown pid"", ""pid"": ""34"", ""address"": ""2024"", ""bus_id"": ""255""}"
obd,117.1965,0.01,2021-12-06 09:07:14.196500,"{""e_load"": 25.098}"
obd,117.2065,0.01,2021-12-06 09:07:14.206500,"{""c_temp"": 20}"
obd,117.2165,0.01,2021-12-06 09:07:14.216500,"{""status"": ""unknown pid"", ""pid"": ""17"", ""address"": ""2024"", ""bus_id"": ""255""}"
obd,117.2265,0.01,2021-12-06 09:07:14.226500,"{""rpm"": 678.5}"
obd,118.1665,0.0065,2021-12-06 09:07:15.166500,"{""status"": ""unknown pid"", ""pid"": ""34"", ""address"": ""2024"", ""bus_id"": ""255""}"
obd,118.26,0.0,2021-12-06 09:07:15.260000,"{""status"": ""unknown pid"", ""pid"": ""34"", ""address"": ""2024"", ""bus_id"": ""255""}"
obd,118.36,0.0,2021-12-06 09:07:15.360000,"{""fli"": 30.98}"
obd,118.3746,0.0146,2021-12-06 09:07:15.374600,"{""odometer_km"": 148416.392}"
obd,118.4465,0.0719,2021-12-06 09:07:15.446500,"{""veh_speed"": 0}"
obd,118.4565,0.01,2021-12-06 09:07:15.456500,"{""aat"": 2}"
obd,118.4664,0.0064,2021-12-06 09:07:15.466400,"{""status"": ""unknown pid"", ""pid"": ""34"", ""address"": ""2024"", ""bus_id"": ""255""}"
obd,118.4764,0.01,2021-12-06 09:07:15.476400,"{""e_load"": 25.098}"
obd,118.4864,0.01,2021-12-06 09:07:15.486400,"{""c_temp"": 20}"
obd,118.4964,0.01,2021-12-06 09:07:15.496400,"{""status"": ""unknown pid"", ""pid"": ""17"", ""address"": ""2024"", ""bus_id"": ""255""}"
obd,118.5064,0.01,2021-12-06 09:07:15.506400,"{""rpm"": 691.5}"
obd,119.1666,0.0066,2021-12-06 09:07:16.166600,"{""veh_speed"": 0}"
obd,119.1764,0.0098,2021-12-06 09:07:16.176400,"{""aat"": 2}"
obd,119.1866,0.0102,2021-12-06 09:07:16.186600,"{""status"": ""unknown pid"", ""pid"": ""34"", ""address"": ""2024"", ""bus_id"": ""255""}"
obd,119.1964,0.0098,2021-12-06 09:07:16.196400,"{""e_load"": 25.098}"
obd,119.2066,0.0102,2021-12-06 09:07:16.206600,"{""c_temp"": 20}"
obd,119.2165,0.0099,2021-12-06 09:07:16.216500,"{""status"": ""unknown pid"", ""pid"": ""17"", ""address"": ""2024"", ""bus_id"": ""255""}"
obd,119.2266,0.0101,2021-12-06 09:07:16.226600,"{""rpm"": 682.0}"
